name,type,start_time,duration,"value","protocol","severity","rule","summary","field","message"
"Regress HLA","optical_event",0.08808601,0.00002115,,"CMIS",,,"Set Reg Address -> 0x03 (3)",,
"Regress HLA","optical_field",0.08813527,0.00002193,"LowPwr (Low Power) [FAULT_FLAG]","CMIS",,,,"Module State",
"Regress HLA","optical_field",0.08815848,0.00002147,"OK (Normal)","CMIS",,,,"Flags Summary (bank 0)",
"Regress HLA","optical_field",0.08818124,0.00002147,"OK (Normal)","CMIS",,,,"Flags Summary (bank 1)",
"Regress HLA","optical_field",0.088204,0.00002148,"OK (Normal)","CMIS",,,,"Flags Summary (bank 2)",
"Regress HLA","optical_field",0.08822676,0.00002147,"OK (Normal)","CMIS",,,,"Flags Summary (bank 3)",
"Regress HLA","optical_field",0.08824951,0.00002148,"OK (Normal)","CMIS",,,,"Module Flags",
"Regress HLA","optical_field",0.08827228,0.00002147,"OK (Normal)","CMIS",,,,"Global Flags",
"Regress HLA","optical_field",0.08829503,0.00002148,"OK (Normal)","CMIS",,,,"Aux 1/2 Flags",
"Regress HLA","optical_field",0.0883178,0.00002147,"OK (Normal)","CMIS",,,,"Aux 3 / Custom Flags",
"Regress HLA","optical_event",0.08834055,0.00002148,,"CMIS",,,"Read Reg[0x0C] = 0x00",,
"Regress HLA","optical_event",0.08836331,0.00002148,,"CMIS",,,"Read Reg[0x0D] = 0x00",,
"Regress HLA","optical_field",0.08840883,0.00002148,"0.00 °C","CMIS",,,,"Module Temperature",
"Regress HLA","optical_field",0.08845435,0.00002177,"0.000 V","CMIS",,,,"Supply Voltage Vcc",
"Regress HLA","optical_field",0.08850016,0.00002148,"0 (raw) [assumed custom]","CMIS",,,,"Aux1MonValue",
"Regress HLA","optical_field",0.08854568,0.00002148,"0.00 °C [assumed laser_temperature]","CMIS",,,,"Aux2MonValue",
"Regress HLA","optical_field",0.0885912,0.00002148,"0.00 °C [assumed laser_temperature]","CMIS",,,,"Aux3MonValue",
"Regress HLA","optical_field",0.08863672,0.00002147,"0 (raw)","CMIS",,,,"CustomMonValue",
"Regress HLA","optical_field",0.08865947,0.00002134,"LowPwrAllowRequestHW","CMIS",,,,"Module Control",
"Regress HLA","optical_event",0.09008654,0.00002131,,"CMIS",,,"Set Reg Address -> 0x7F (127)",,
"Regress HLA","optical_event",0.09010913,0.00002112,,"CMIS",,,"Page Select -> Page 0x02",,
"Regress HLA","optical_event",0.10408604,0.00002114,,"CMIS",,,"Set Reg Address -> 0x80 (128)",,
"Regress HLA","optical_field",0.10415851,0.00002148,"75.00 °C","CMIS",,,,"TempMonHighAlarmThreshold",
"Regress HLA","optical_field",0.10420403,0.00002147,"-5.00 °C","CMIS",,,,"TempMonLowAlarmThreshold",
"Regress HLA","optical_field",0.10424954,0.00002148,"70.00 °C","CMIS",,,,"TempMonHighWarningThreshold",
"Regress HLA","optical_field",0.10429506,0.00002148,"0.00 °C","CMIS",,,,"TempMonLowWarningThreshold",
"Regress HLA","optical_field",0.10434058,0.00002148,"3.630 V","CMIS",,,,"VccMonHighAlarmThreshold",
"Regress HLA","optical_field",0.1043861,0.00002148,"2.970 V","CMIS",,,,"VccMonLowAlarmThreshold",
"Regress HLA","optical_field",0.10443162,0.00002148,"3.465 V","CMIS",,,,"VccMonHighWarningThreshold",
"Regress HLA","optical_field",0.10447742,0.00002148,"3.135 V","CMIS",,,,"VccMonLowWarningThreshold",
"Regress HLA","optical_field",0.10452294,0.00002148,"0 (raw) [assumed custom]","CMIS",,,,"Aux1MonHighAlarmThreshold",
"Regress HLA","optical_field",0.10456846,0.00002148,"0 (raw) [assumed custom]","CMIS",,,,"Aux1MonLowAlarmThreshold",
"Regress HLA","optical_field",0.10461398,0.00002148,"0 (raw) [assumed custom]","CMIS",,,,"Aux1MonHighWarningThreshold",
"Regress HLA","optical_field",0.1046595,0.00002148,"0 (raw) [assumed custom]","CMIS",,,,"Aux1MonLowWarningThreshold",
"Regress HLA","optical_field",0.10470502,0.00002148,"0.00 °C [assumed laser_temperature]","CMIS",,,,"Aux2MonHighAlarmThreshold",
"Regress HLA","optical_field",0.10475054,0.00002148,"0.00 °C [assumed laser_temperature]","CMIS",,,,"Aux2MonLowAlarmThreshold",
"Regress HLA","optical_field",0.10479635,0.00002148,"0.00 °C [assumed laser_temperature]","CMIS",,,,"Aux2MonHighWarningThreshold",
"Regress HLA","optical_field",0.10484187,0.00002148,"0.00 °C [assumed laser_temperature]","CMIS",,,,"Aux2MonLowWarningThreshold",
"Regress HLA","optical_field",0.10488739,0.00002148,"0.00 °C [assumed laser_temperature]","CMIS",,,,"Aux3MonHighAlarmThreshold",
"Regress HLA","optical_field",0.10493291,0.00002148,"0.00 °C [assumed laser_temperature]","CMIS",,,,"Aux3MonLowAlarmThreshold",
"Regress HLA","optical_field",0.10497843,0.00002148,"0.00 °C [assumed laser_temperature]","CMIS",,,,"Aux3MonHighWarningThreshold",
"Regress HLA","optical_field",0.10502395,0.00002148,"0.00 °C [assumed laser_temperature]","CMIS",,,,"Aux3MonLowWarningThreshold",
"Regress HLA","optical_field",0.10506947,0.00002148,"0 (raw)","CMIS",,,,"CustomMonHighAlarmThreshold",
"Regress HLA","optical_field",0.10511528,0.00002148,"0 (raw)","CMIS",,,,"CustomMonLowAlarmThreshold",
"Regress HLA","optical_field",0.1051608,0.00002148,"0 (raw)","CMIS",,,,"CustomMonHighWarningThreshold",
"Regress HLA","optical_field",0.10520632,0.00002148,"0 (raw)","CMIS",,,,"CustomMonLowWarningThreshold",
"Regress HLA","optical_field",0.10525184,0.00002148,"6.80 dBm (4786.3 uW)","CMIS",,,,"OpticalPowerTxHighAlarmThreshold",
"Regress HLA","optical_field",0.10529735,0.00002149,"-3.90 dBm (407.4 uW)","CMIS",,,,"OpticalPowerTxLowAlarmThreshold",
"Regress HLA","optical_field",0.10534288,0.00002148,"4.80 dBm (3020.0 uW)","CMIS",,,,"OpticalPowerTxHighWarningThreshold",
"Regress HLA","optical_field",0.1053884,0.00002147,"-1.90 dBm (645.7 uW)","CMIS",,,,"OpticalPowerTxLowWarningThreshold",
"Regress HLA","optical_field",0.10543421,0.00002148,"100.00 mA (x1 assumed)","CMIS",,,,"LaserBiasHighAlarmThreshold",
"Regress HLA","optical_field",0.10547973,0.00002148,"10.00 mA (x1 assumed)","CMIS",,,,"LaserBiasLowAlarmThreshold",
"Regress HLA","optical_field",0.10552525,0.00002148,"95.00 mA (x1 assumed)","CMIS",,,,"LaserBiasHighWarningThreshold",
"Regress HLA","optical_field",0.10557077,0.00002148,"15.00 mA (x1 assumed)","CMIS",,,,"LaserBiasLowWarningThreshold",
"Regress HLA","optical_field",0.10561628,0.00002148,"6.30 dBm (4265.8 uW)","CMIS",,,,"OpticalPowerRxHighAlarmThreshold",
"Regress HLA","optical_field",0.1056618,0.00002148,"-11.20 dBm (75.9 uW)","CMIS",,,,"OpticalPowerRxLowAlarmThreshold",
"Regress HLA","optical_field",0.10570733,0.00002147,"5.80 dBm (3801.9 uW)","CMIS",,,,"OpticalPowerRxHighWarningThreshold",
"Regress HLA","optical_field",0.10575312,0.00002135,"-10.20 dBm (95.5 uW)","CMIS",,,,"OpticalPowerRxLowWarningThreshold",
"Regress HLA","optical_compliance",0.10577714,0.00000001,,"CMIS","warning","THRESHOLD_UNINITIALIZED",,,"[THRESHOLD_UNINITIALIZED] TempMonLowWarningThreshold is 0 - threshold not programmed"
"Regress HLA","optical_event",0.10908661,0.0000213,,"CMIS",,,"Set Reg Address -> 0x7F (127)",,
"Regress HLA","optical_event",0.10910919,0.00002113,,"CMIS",,,"Page Select -> Page 0x10",,
"Regress HLA","optical_event",0.12008638,0.00002115,,"CMIS",,,"Set Reg Address -> 0x80 (128)",,
"Regress HLA","optical_field",0.12013564,0.00002193,"0x00 (initialize all lanes)","CMIS",,,,"DP Deinit Lanes",
"Regress HLA","optical_event",0.12015885,0.00002148,,"CMIS",,,"Read Reg[0x81] = 0x00",,
"Regress HLA","optical_event",0.12018161,0.00002148,,"CMIS",,,"Read Reg[0x82] = 0x00",,
"Regress HLA","optical_event",0.12020437,0.00002148,,"CMIS",,,"Read Reg[0x83] = 0x00",,
"Regress HLA","optical_event",0.12022713,0.00002148,,"CMIS",,,"Read Reg[0x84] = 0x00",,
"Regress HLA","optical_event",0.12024989,0.00002148,,"CMIS",,,"Read Reg[0x85] = 0x00",,
"Regress HLA","optical_event",0.12027265,0.00002148,,"CMIS",,,"Read Reg[0x86] = 0x00",,
"Regress HLA","optical_event",0.12029541,0.00002147,,"CMIS",,,"Read Reg[0x87] = 0x00",,
"Regress HLA","optical_event",0.12031817,0.00002148,,"CMIS",,,"Read Reg[0x88] = 0x00",,
"Regress HLA","optical_event",0.12034093,0.00002148,,"CMIS",,,"Read Reg[0x89] = 0x00",,
"Regress HLA","optical_event",0.12036369,0.00002147,,"CMIS",,,"Read Reg[0x8A] = 0x00",,
"Regress HLA","optical_event",0.12038645,0.00002147,,"CMIS",,,"Read Reg[0x8B] = 0x00",,
"Regress HLA","optical_event",0.1204092,0.00002148,,"CMIS",,,"Read Reg[0x8C] = 0x00",,
"Regress HLA","optical_event",0.12043197,0.00002147,,"CMIS",,,"Read Reg[0x8D] = 0x00",,
"Regress HLA","optical_event",0.12045473,0.00002177,,"CMIS",,,"Read Reg[0x8E] = 0x00",,
"Regress HLA","optical_field",0.12047778,0.00002147,"no lanes selected","CMIS",,,,"ApplyDPInit",
"Regress HLA","optical_field",0.12050054,0.00002147,"no lanes selected","CMIS",,,,"ApplyImmediate",
"Regress HLA","optical_field",0.1205233,0.00002148,"AppSel=1, DataPathID=0, ExplicitControl=0","CMIS",,,,"Lane 1 DataPath Ctrl",
"Regress HLA","optical_field",0.12054606,0.00002147,"AppSel=1, DataPathID=0, ExplicitControl=0","CMIS",,,,"Lane 2 DataPath Ctrl",
"Regress HLA","optical_field",0.12056882,0.00002147,"AppSel=1, DataPathID=2, ExplicitControl=0","CMIS",,,,"Lane 3 DataPath Ctrl",
"Regress HLA","optical_field",0.12059157,0.00002148,"AppSel=1, DataPathID=2, ExplicitControl=0","CMIS",,,,"Lane 4 DataPath Ctrl",
"Regress HLA","optical_field",0.12061433,0.00002148,"AppSel=1, DataPathID=4, ExplicitControl=0","CMIS",,,,"Lane 5 DataPath Ctrl",
"Regress HLA","optical_field",0.1206371,0.00002147,"AppSel=1, DataPathID=4, ExplicitControl=0","CMIS",,,,"Lane 6 DataPath Ctrl",
"Regress HLA","optical_field",0.12065985,0.00002148,"AppSel=1, DataPathID=6, ExplicitControl=0","CMIS",,,,"Lane 7 DataPath Ctrl",
"Regress HLA","optical_field",0.12068261,0.00002148,"AppSel=1, DataPathID=6, ExplicitControl=0","CMIS",,,,"Lane 8 DataPath Ctrl",
"Regress HLA","optical_event",0.12070537,0.00002148,,"CMIS",,,"Read Reg[0x99] = 0xFF",,
"Regress HLA","optical_event",0.12072814,0.00002147,,"CMIS",,,"Read Reg[0x9A] = 0x00",,
"Regress HLA","optical_event",0.12075089,0.00002148,,"CMIS",,,"Read Reg[0x9B] = 0x00",,
"Regress HLA","optical_event",0.12077365,0.00002177,,"CMIS",,,"Read Reg[0x9C] = 0x00",,
"Regress HLA","optical_event",0.1207967,0.00002148,,"CMIS",,,"Read Reg[0x9D] = 0x00",,
"Regress HLA","optical_event",0.12081946,0.00002147,,"CMIS",,,"Read Reg[0x9E] = 0x00",,
"Regress HLA","optical_event",0.12084221,0.00002135,,"CMIS",,,"Read Reg[0x9F] = 0x00",,
"Regress HLA","optical_event",0.122087,0.0000213,,"CMIS",,,"Set Reg Address -> 0x7F (127)",,
"Regress HLA","optical_event",0.12210958,0.00002113,,"CMIS",,,"Page Select -> Page 0x11",,
"Regress HLA","optical_event",0.13508687,0.00002114,,"CMIS",,,"Set Reg Address -> 0x86 (134)",,
"Regress HLA","optical_field",0.13513613,0.00002153,"0x00 (none)","CMIS",,,,"DP State Changed Flags",
"Regress HLA","optical_field",0.13515894,0.00002148,"0x00 (none)","CMIS",,,,"Tx Fault Flags",
"Regress HLA","optical_field",0.1351817,0.00002187,"0x00 (none)","CMIS",,,,"Tx LOS Flags",
"Regress HLA","optical_field",0.13520485,0.00002148,"0x00 (none)","CMIS",,,,"Tx CDRLOL Flags",
"Regress HLA","optical_field",0.13522762,0.00002147,"0x00 (none)","CMIS",,,,"Tx Adaptive EQ Fail Flags",
"Regress HLA","optical_field",0.13525037,0.00002148,"0x00 (none)","CMIS",,,,"Tx Power High Alarm Flags",
"Regress HLA","optical_field",0.13527313,0.00002148,"0x00 (none)","CMIS",,,,"Tx Power Low Alarm Flags",
"Regress HLA","optical_field",0.13529589,0.00002148,"0x00 (none)","CMIS",,,,"Tx Power High Warn Flags",
"Regress HLA","optical_field",0.13531865,0.00002148,"0x00 (none)","CMIS",,,,"Tx Power Low Warn Flags",
"Regress HLA","optical_field",0.13534141,0.00002148,"0x00 (none)","CMIS",,,,"Tx Bias High Alarm Flags",
"Regress HLA","optical_field",0.13536417,0.00002148,"0x00 (none)","CMIS",,,,"Tx Bias Low Alarm Flags",
"Regress HLA","optical_field",0.13538693,0.00002148,"0x00 (none)","CMIS",,,,"Tx Bias High Warn Flags",
"Regress HLA","optical_field",0.13540969,0.00002148,"0x00 (none)","CMIS",,,,"Tx Bias Low Warn Flags",
"Regress HLA","optical_field",0.13543245,0.00002148,"0xFF (1, 2, 3, 4, 5, 6, 7, 8)","CMIS",,,,"Rx LOS Flags",
"Regress HLA","optical_field",0.13545521,0.00002148,"0x00 (none)","CMIS",,,,"Rx LOL Flags",
"Regress HLA","optical_field",0.13547797,0.00002148,"0x00 (none)","CMIS",,,,"Rx Power High Alarm Flags",
"Regress HLA","optical_field",0.13550073,0.00002177,"0x00 (none)","CMIS",,,,"Rx Power Low Alarm Flags",
"Regress HLA","optical_field",0.13552378,0.00002148,"0x00 (none)","CMIS",,,,"Rx Power High Warn Flags",
"Regress HLA","optical_field",0.13554654,0.00002148,"0x00 (none)","CMIS",,,,"Rx Power Low Warn Flags",
"Regress HLA","optical_field",0.1355693,0.00002148,"0x00 (none)","CMIS",,,,"Rx Output Status Changed Flags",
"Regress HLA","optical_field",0.13561482,0.00002148,"-40.00 dBm (0.1 uW)","CMIS",,,,"OpticalPowerTx1",
"Regress HLA","optical_field",0.13566034,0.00002148,"-40.00 dBm (0.1 uW)","CMIS",,,,"OpticalPowerTx2",
"Regress HLA","optical_field",0.13570586,0.00002148,"-40.00 dBm (0.1 uW)","CMIS",,,,"OpticalPowerTx3",
"Regress HLA","optical_field",0.13575138,0.00002148,"-40.00 dBm (0.1 uW)","CMIS",,,,"OpticalPowerTx4",
"Regress HLA","optical_field",0.1357969,0.00002148,"-40.00 dBm (0.1 uW)","CMIS",,,,"OpticalPowerTx5",
"Regress HLA","optical_field",0.13584271,0.00002148,"-40.00 dBm (0.1 uW)","CMIS",,,,"OpticalPowerTx6",
"Regress HLA","optical_field",0.13588823,0.00002148,"-40.00 dBm (0.1 uW)","CMIS",,,,"OpticalPowerTx7",
"Regress HLA","optical_field",0.13593375,0.00002148,"-40.00 dBm (0.1 uW)","CMIS",,,,"OpticalPowerTx8",
"Regress HLA","optical_field",0.13597927,0.00002148,"0.00 mA (x1 assumed)","CMIS",,,,"LaserBiasTx1",
"Regress HLA","optical_field",0.13602479,0.00002148,"0.00 mA (x1 assumed)","CMIS",,,,"LaserBiasTx2",
"Regress HLA","optical_field",0.13607031,0.00002148,"0.00 mA (x1 assumed)","CMIS",,,,"LaserBiasTx3",
"Regress HLA","optical_field",0.13611583,0.00002148,"0.00 mA (x1 assumed)","CMIS",,,,"LaserBiasTx4",
"Regress HLA","optical_field",0.13616164,0.00002148,"0.00 mA (x1 assumed)","CMIS",,,,"LaserBiasTx5",
"Regress HLA","optical_field",0.13620716,0.00002148,"0.00 mA (x1 assumed)","CMIS",,,,"LaserBiasTx6",
"Regress HLA","optical_field",0.13625268,0.00002148,"0.00 mA (x1 assumed)","CMIS",,,,"LaserBiasTx7",
"Regress HLA","optical_field",0.1362982,0.00002148,"0.00 mA (x1 assumed)","CMIS",,,,"LaserBiasTx8",
"Regress HLA","optical_field",0.13634372,0.00002147,"-40.00 dBm (0.1 uW)","CMIS",,,,"OpticalPowerRx1",
"Regress HLA","optical_field",0.13638924,0.00002148,"-40.00 dBm (0.1 uW)","CMIS",,,,"OpticalPowerRx2",
"Regress HLA","optical_field",0.13643475,0.00002148,"-40.00 dBm (0.1 uW)","CMIS",,,,"OpticalPowerRx3",
"Regress HLA","optical_field",0.13648057,0.00002147,"-40.00 dBm (0.1 uW)","CMIS",,,,"OpticalPowerRx4",
"Regress HLA","optical_field",0.13652608,0.00002148,"-40.00 dBm (0.1 uW)","CMIS",,,,"OpticalPowerRx5",
"Regress HLA","optical_field",0.1365716,0.00002148,"-40.00 dBm (0.1 uW)","CMIS",,,,"OpticalPowerRx6",
"Regress HLA","optical_field",0.13661712,0.00002148,"-40.00 dBm (0.1 uW)","CMIS",,,,"OpticalPowerRx7",
"Regress HLA","optical_field",0.13666263,0.00002135,"-40.00 dBm (0.1 uW)","CMIS",,,,"OpticalPowerRx8",
"Regress HLA","optical_event",0.60208782,0.00002115,,"CMIS",,,"Set Reg Address -> 0x03 (3)",,
"Regress HLA","optical_field",0.60213708,0.00002153,"PwrUp (Powering Up)","CMIS",,,,"Module State",
"Regress HLA","optical_field",0.60215989,0.00002148,"Page11h","CMIS",,,,"Flags Summary (bank 0)",
"Regress HLA","optical_field",0.60218265,0.00002148,"Page11h","CMIS",,,,"Flags Summary (bank 1)",
"Regress HLA","optical_field",0.60220541,0.00002148,"OK (Normal)","CMIS",,,,"Flags Summary (bank 2)",
"Regress HLA","optical_field",0.60222817,0.00002148,"OK (Normal)","CMIS",,,,"Flags Summary (bank 3)",
"Regress HLA","optical_field",0.60225093,0.00002148,"ModuleStateChanged","CMIS",,,,"Module Flags",
"Regress HLA","optical_field",0.60227369,0.00002148,"VccHighWarn","CMIS",,,,"Global Flags",
"Regress HLA","optical_field",0.60229645,0.00002148,"OK (Normal)","CMIS",,,,"Aux 1/2 Flags",
"Regress HLA","optical_field",0.60231921,0.00002148,"OK (Normal)","CMIS",,,,"Aux 3 / Custom Flags",
"Regress HLA","optical_event",0.60234197,0.00002148,,"CMIS",,,"Read Reg[0x0C] = 0x00",,
"Regress HLA","optical_event",0.60236473,0.00002177,,"CMIS",,,"Read Reg[0x0D] = 0x00",,
"Regress HLA","optical_field",0.60241054,0.00002148,"39.47 °C","CMIS",,,,"Module Temperature",
"Regress HLA","optical_field",0.60245606,0.00002148,"3.591 V","CMIS",,,,"Supply Voltage Vcc",
"Regress HLA","optical_field",0.60250157,0.00002149,"0 (raw) [assumed custom]","CMIS",,,,"Aux1MonValue",
"Regress HLA","optical_field",0.6025471,0.00002148,"0.00 °C [assumed laser_temperature]","CMIS",,,,"Aux2MonValue",
"Regress HLA","optical_field",0.60259262,0.00002148,"0.00 °C [assumed laser_temperature]","CMIS",,,,"Aux3MonValue",
"Regress HLA","optical_field",0.60263814,0.00002146,"0 (raw)","CMIS",,,,"CustomMonValue",
"Regress HLA","optical_field",0.60266089,0.00002134,"LowPwrAllowRequestHW","CMIS",,,,"Module Control",
"Regress HLA","optical_event",0.60408791,0.0000213,,"CMIS",,,"Set Reg Address -> 0x7F (127)",,
"Regress HLA","optical_event",0.60411049,0.00002112,,"CMIS",,,"Page Select -> Page 0x02",,
"Regress HLA","optical_event",0.61708752,0.00002154,,"CMIS",,,"Set Reg Address -> 0x80 (128)",,
"Regress HLA","optical_field",0.61715998,0.00002148,"75.00 °C","CMIS",,,,"TempMonHighAlarmThreshold",
"Regress HLA","optical_field",0.6172055,0.00002148,"-5.00 °C","CMIS",,,,"TempMonLowAlarmThreshold",
"Regress HLA","optical_field",0.61725102,0.00002148,"70.00 °C","CMIS",,,,"TempMonHighWarningThreshold",
"Regress HLA","optical_field",0.61729654,0.00002148,"0.00 °C","CMIS",,,,"TempMonLowWarningThreshold",
"Regress HLA","optical_field",0.61734206,0.00002148,"3.630 V","CMIS",,,,"VccMonHighAlarmThreshold",
"Regress HLA","optical_field",0.61738758,0.00002148,"2.970 V","CMIS",,,,"VccMonLowAlarmThreshold",
"Regress HLA","optical_field",0.61743339,0.00002148,"3.465 V","CMIS",,,,"VccMonHighWarningThreshold",
"Regress HLA","optical_field",0.61747891,0.00002148,"3.135 V","CMIS",,,,"VccMonLowWarningThreshold",
"Regress HLA","optical_field",0.61752443,0.00002148,"0 (raw) [assumed custom]","CMIS",,,,"Aux1MonHighAlarmThreshold",
"Regress HLA","optical_field",0.61756995,0.00002147,"0 (raw) [assumed custom]","CMIS",,,,"Aux1MonLowAlarmThreshold",
"Regress HLA","optical_field",0.61761546,0.00002149,"0 (raw) [assumed custom]","CMIS",,,,"Aux1MonHighWarningThreshold",
"Regress HLA","optical_field",0.61766099,0.00002148,"0 (raw) [assumed custom]","CMIS",,,,"Aux1MonLowWarningThreshold",
"Regress HLA","optical_field",0.61770651,0.00002147,"0.00 °C [assumed laser_temperature]","CMIS",,,,"Aux2MonHighAlarmThreshold",
"Regress HLA","optical_field",0.61775232,0.00002148,"0.00 °C [assumed laser_temperature]","CMIS",,,,"Aux2MonLowAlarmThreshold",
"Regress HLA","optical_field",0.61779783,0.00002149,"0.00 °C [assumed laser_temperature]","CMIS",,,,"Aux2MonHighWarningThreshold",
"Regress HLA","optical_field",0.61784336,0.00002148,"0.00 °C [assumed laser_temperature]","CMIS",,,,"Aux2MonLowWarningThreshold",
"Regress HLA","optical_field",0.61788888,0.00002147,"0.00 °C [assumed laser_temperature]","CMIS",,,,"Aux3MonHighAlarmThreshold",
"Regress HLA","optical_field",0.61793439,0.00002148,"0.00 °C [assumed laser_temperature]","CMIS",,,,"Aux3MonLowAlarmThreshold",
"Regress HLA","optical_field",0.61797991,0.00002148,"0.00 °C [assumed laser_temperature]","CMIS",,,,"Aux3MonHighWarningThreshold",
"Regress HLA","optical_field",0.61802543,0.00002148,"0.00 °C [assumed laser_temperature]","CMIS",,,,"Aux3MonLowWarningThreshold",
"Regress HLA","optical_field",0.61807125,0.00002147,"0 (raw)","CMIS",,,,"CustomMonHighAlarmThreshold",
"Regress HLA","optical_field",0.61811677,0.00002147,"0 (raw)","CMIS",,,,"CustomMonLowAlarmThreshold",
"Regress HLA","optical_field",0.61816228,0.00002148,"0 (raw)","CMIS",,,,"CustomMonHighWarningThreshold",
"Regress HLA","optical_field",0.6182078,0.00002148,"0 (raw)","CMIS",,,,"CustomMonLowWarningThreshold",
"Regress HLA","optical_field",0.61825332,0.00002148,"6.80 dBm (4786.3 uW)","CMIS",,,,"OpticalPowerTxHighAlarmThreshold",
"Regress HLA","optical_field",0.61829884,0.00002148,"-3.90 dBm (407.4 uW)","CMIS",,,,"OpticalPowerTxLowAlarmThreshold",
"Regress HLA","optical_field",0.61834436,0.00002148,"4.80 dBm (3020.0 uW)","CMIS",,,,"OpticalPowerTxHighWarningThreshold",
"Regress HLA","optical_field",0.61839017,0.00002148,"-1.90 dBm (645.7 uW)","CMIS",,,,"OpticalPowerTxLowWarningThreshold",
"Regress HLA","optical_field",0.61843569,0.00002148,"100.00 mA (x1 assumed)","CMIS",,,,"LaserBiasHighAlarmThreshold",
"Regress HLA","optical_field",0.61848121,0.00002148,"10.00 mA (x1 assumed)","CMIS",,,,"LaserBiasLowAlarmThreshold",
"Regress HLA","optical_field",0.61852673,0.00002148,"95.00 mA (x1 assumed)","CMIS",,,,"LaserBiasHighWarningThreshold",
"Regress HLA","optical_field",0.61857225,0.00002148,"15.00 mA (x1 assumed)","CMIS",,,,"LaserBiasLowWarningThreshold",
"Regress HLA","optical_field",0.61861777,0.00002148,"6.30 dBm (4265.8 uW)","CMIS",,,,"OpticalPowerRxHighAlarmThreshold",
"Regress HLA","optical_field",0.61866329,0.00002148,"-11.20 dBm (75.9 uW)","CMIS",,,,"OpticalPowerRxLowAlarmThreshold",
"Regress HLA","optical_field",0.6187091,0.00002148,"5.80 dBm (3801.9 uW)","CMIS",,,,"OpticalPowerRxHighWarningThreshold",
"Regress HLA","optical_field",0.61875461,0.00002134,"-10.20 dBm (95.5 uW)","CMIS",,,,"OpticalPowerRxLowWarningThreshold",
"Regress HLA","optical_compliance",0.61877863,0.00000001,,"CMIS","warning","THRESHOLD_UNINITIALIZED",,,"[THRESHOLD_UNINITIALIZED] TempMonLowWarningThreshold is 0 - threshold not programmed"
"Regress HLA","optical_event",0.62208764,0.00002131,,"CMIS",,,"Set Reg Address -> 0x7F (127)",,
"Regress HLA","optical_event",0.62211023,0.00002112,,"CMIS",,,"Page Select -> Page 0x10",,
"Regress HLA","optical_event",0.63308787,0.00002154,,"CMIS",,,"Set Reg Address -> 0x80 (128)",,
"Regress HLA","optical_field",0.63313752,0.00002153,"0x00 (initialize all lanes)","CMIS",,,,"DP Deinit Lanes",
"Regress HLA","optical_event",0.63316033,0.00002148,,"CMIS",,,"Read Reg[0x81] = 0x00",,
"Regress HLA","optical_event",0.63318309,0.00002148,,"CMIS",,,"Read Reg[0x82] = 0x00",,
"Regress HLA","optical_event",0.63320585,0.00002148,,"CMIS",,,"Read Reg[0x83] = 0x00",,
"Regress HLA","optical_event",0.63322861,0.00002148,,"CMIS",,,"Read Reg[0x84] = 0x00",,
"Regress HLA","optical_event",0.63325137,0.00002148,,"CMIS",,,"Read Reg[0x85] = 0x00",,
"Regress HLA","optical_event",0.63327413,0.00002148,,"CMIS",,,"Read Reg[0x86] = 0x00",,
"Regress HLA","optical_event",0.63329689,0.00002148,,"CMIS",,,"Read Reg[0x87] = 0x00",,
"Regress HLA","optical_event",0.63331965,0.00002148,,"CMIS",,,"Read Reg[0x88] = 0x00",,
"Regress HLA","optical_event",0.63334241,0.00002148,,"CMIS",,,"Read Reg[0x89] = 0x00",,
"Regress HLA","optical_event",0.63336517,0.00002148,,"CMIS",,,"Read Reg[0x8A] = 0x00",,
"Regress HLA","optical_event",0.63338793,0.00002177,,"CMIS",,,"Read Reg[0x8B] = 0x00",,
"Regress HLA","optical_event",0.63341098,0.00002148,,"CMIS",,,"Read Reg[0x8C] = 0x00",,
"Regress HLA","optical_event",0.63343374,0.00002148,,"CMIS",,,"Read Reg[0x8D] = 0x00",,
"Regress HLA","optical_event",0.6334565,0.00002148,,"CMIS",,,"Read Reg[0x8E] = 0x00",,
"Regress HLA","optical_field",0.63347926,0.00002148,"no lanes selected","CMIS",,,,"ApplyDPInit",
"Regress HLA","optical_field",0.63350202,0.00002148,"no lanes selected","CMIS",,,,"ApplyImmediate",
"Regress HLA","optical_field",0.63352478,0.00002148,"AppSel=1, DataPathID=0, ExplicitControl=0","CMIS",,,,"Lane 1 DataPath Ctrl",
"Regress HLA","optical_field",0.63354754,0.00002148,"AppSel=1, DataPathID=0, ExplicitControl=0","CMIS",,,,"Lane 2 DataPath Ctrl",
"Regress HLA","optical_field",0.6335703,0.00002148,"AppSel=1, DataPathID=2, ExplicitControl=0","CMIS",,,,"Lane 3 DataPath Ctrl",
"Regress HLA","optical_field",0.63359306,0.00002148,"AppSel=1, DataPathID=2, ExplicitControl=0","CMIS",,,,"Lane 4 DataPath Ctrl",
"Regress HLA","optical_field",0.63361582,0.00002148,"AppSel=1, DataPathID=4, ExplicitControl=0","CMIS",,,,"Lane 5 DataPath Ctrl",
"Regress HLA","optical_field",0.63363858,0.00002148,"AppSel=1, DataPathID=4, ExplicitControl=0","CMIS",,,,"Lane 6 DataPath Ctrl",
"Regress HLA","optical_field",0.63366134,0.00002148,"AppSel=1, DataPathID=6, ExplicitControl=0","CMIS",,,,"Lane 7 DataPath Ctrl",
"Regress HLA","optical_field",0.6336841,0.00002148,"AppSel=1, DataPathID=6, ExplicitControl=0","CMIS",,,,"Lane 8 DataPath Ctrl",
"Regress HLA","optical_event",0.63370686,0.00002148,,"CMIS",,,"Read Reg[0x99] = 0xFF",,
"Regress HLA","optical_event",0.63372991,0.00002148,,"CMIS",,,"Read Reg[0x9A] = 0x00",,
"Regress HLA","optical_event",0.63375267,0.00002148,,"CMIS",,,"Read Reg[0x9B] = 0x00",,
"Regress HLA","optical_event",0.63377543,0.00002148,,"CMIS",,,"Read Reg[0x9C] = 0x00",,
"Regress HLA","optical_event",0.63379819,0.00002148,,"CMIS",,,"Read Reg[0x9D] = 0x00",,
"Regress HLA","optical_event",0.63382095,0.00002147,,"CMIS",,,"Read Reg[0x9E] = 0x00",,
"Regress HLA","optical_event",0.6338437,0.00002134,,"CMIS",,,"Read Reg[0x9F] = 0x00",,
"Regress HLA","optical_event",0.63508792,0.0000213,,"CMIS",,,"Set Reg Address -> 0x7F (127)",,
"Regress HLA","optical_event",0.6351105,0.00002113,,"CMIS",,,"Page Select -> Page 0x11",,
"Regress HLA","optical_event",0.64908825,0.00002154,,"CMIS",,,"Set Reg Address -> 0x86 (134)",,
"Regress HLA","optical_field",0.64913791,0.00002153,"0x00 (none)","CMIS",,,,"DP State Changed Flags",
"Regress HLA","optical_field",0.64916072,0.00002147,"0x00 (none)","CMIS",,,,"Tx Fault Flags",
"Regress HLA","optical_field",0.64918348,0.00002148,"0x00 (none)","CMIS",,,,"Tx LOS Flags",
"Regress HLA","optical_field",0.64920624,0.00002148,"0x00 (none)","CMIS",,,,"Tx CDRLOL Flags",
"Regress HLA","optical_field",0.649229,0.00002148,"0x00 (none)","CMIS",,,,"Tx Adaptive EQ Fail Flags",
"Regress HLA","optical_field",0.64925176,0.00002148,"0x00 (none)","CMIS",,,,"Tx Power High Alarm Flags",
"Regress HLA","optical_field",0.64927452,0.00002148,"0x00 (none)","CMIS",,,,"Tx Power Low Alarm Flags",
"Regress HLA","optical_field",0.64929728,0.00002147,"0x00 (none)","CMIS",,,,"Tx Power High Warn Flags",
"Regress HLA","optical_field",0.64932003,0.00002148,"0x00 (none)","CMIS",,,,"Tx Power Low Warn Flags",
"Regress HLA","optical_field",0.6493428,0.00002147,"0x00 (none)","CMIS",,,,"Tx Bias High Alarm Flags",
"Regress HLA","optical_field",0.64936556,0.00002147,"0x00 (none)","CMIS",,,,"Tx Bias Low Alarm Flags",
"Regress HLA","optical_field",0.64938832,0.00002177,"0x00 (none)","CMIS",,,,"Tx Bias High Warn Flags",
"Regress HLA","optical_field",0.64941137,0.00002148,"0x00 (none)","CMIS",,,,"Tx Bias Low Warn Flags",
"Regress HLA","optical_field",0.64943413,0.00002147,"0xFF (1, 2, 3, 4, 5, 6, 7, 8)","CMIS",,,,"Rx LOS Flags",
"Regress HLA","optical_field",0.64945689,0.00002148,"0x00 (none)","CMIS",,,,"Rx LOL Flags",
"Regress HLA","optical_field",0.64947965,0.00002147,"0x00 (none)","CMIS",,,,"Rx Power High Alarm Flags",
"Regress HLA","optical_field",0.6495024,0.00002148,"0x00 (none)","CMIS",,,,"Rx Power Low Alarm Flags",
"Regress HLA","optical_field",0.64952516,0.00002148,"0x00 (none)","CMIS",,,,"Rx Power High Warn Flags",
"Regress HLA","optical_field",0.64954792,0.00002148,"0x00 (none)","CMIS",,,,"Rx Power Low Warn Flags",
"Regress HLA","optical_field",0.64957068,0.00002148,"0x00 (none)","CMIS",,,,"Rx Output Status Changed Flags",
"Regress HLA","optical_field",0.6496162,0.00002148,"-40.00 dBm (0.1 uW)","CMIS",,,,"OpticalPowerTx1",
"Regress HLA","optical_field",0.64966172,0.00002148,"-40.00 dBm (0.1 uW)","CMIS",,,,"OpticalPowerTx2",
"Regress HLA","optical_field",0.64970724,0.00002177,"-40.00 dBm (0.1 uW)","CMIS",,,,"OpticalPowerTx3",
"Regress HLA","optical_field",0.64975305,0.00002148,"-40.00 dBm (0.1 uW)","CMIS",,,,"OpticalPowerTx4",
"Regress HLA","optical_field",0.64979857,0.00002148,"-40.00 dBm (0.1 uW)","CMIS",,,,"OpticalPowerTx5",
"Regress HLA","optical_field",0.6498441,0.00002147,"-40.00 dBm (0.1 uW)","CMIS",,,,"OpticalPowerTx6",
"Regress HLA","optical_field",0.64988961,0.00002148,"-40.00 dBm (0.1 uW)","CMIS",,,,"OpticalPowerTx7",
"Regress HLA","optical_field",0.64993513,0.00002148,"-40.00 dBm (0.1 uW)","CMIS",,,,"OpticalPowerTx8",
"Regress HLA","optical_field",0.64998065,0.00002148,"0.00 mA (x1 assumed)","CMIS",,,,"LaserBiasTx1",
"Regress HLA","optical_field",0.65002617,0.00002148,"0.00 mA (x1 assumed)","CMIS",,,,"LaserBiasTx2",
"Regress HLA","optical_field",0.65007197,0.00002148,"0.00 mA (x1 assumed)","CMIS",,,,"LaserBiasTx3",
"Regress HLA","optical_field",0.65011749,0.00002148,"0.00 mA (x1 assumed)","CMIS",,,,"LaserBiasTx4",
"Regress HLA","optical_field",0.65016301,0.00002148,"0.00 mA (x1 assumed)","CMIS",,,,"LaserBiasTx5",
"Regress HLA","optical_field",0.65020853,0.00002148,"0.00 mA (x1 assumed)","CMIS",,,,"LaserBiasTx6",
"Regress HLA","optical_field",0.65025405,0.00002148,"0.00 mA (x1 assumed)","CMIS",,,,"LaserBiasTx7",
"Regress HLA","optical_field",0.65029957,0.00002148,"0.00 mA (x1 assumed)","CMIS",,,,"LaserBiasTx8",
"Regress HLA","optical_field",0.65034509,0.00002148,"-40.00 dBm (0.1 uW)","CMIS",,,,"OpticalPowerRx1",
"Regress HLA","optical_field",0.6503909,0.00002148,"-40.00 dBm (0.1 uW)","CMIS",,,,"OpticalPowerRx2",
"Regress HLA","optical_field",0.65043642,0.00002148,"-40.00 dBm (0.1 uW)","CMIS",,,,"OpticalPowerRx3",
"Regress HLA","optical_field",0.65048194,0.00002148,"-40.00 dBm (0.1 uW)","CMIS",,,,"OpticalPowerRx4",
"Regress HLA","optical_field",0.65052746,0.00002148,"-40.00 dBm (0.1 uW)","CMIS",,,,"OpticalPowerRx5",
"Regress HLA","optical_field",0.65057298,0.00002148,"-40.00 dBm (0.1 uW)","CMIS",,,,"OpticalPowerRx6",
"Regress HLA","optical_field",0.6506185,0.00002148,"-40.00 dBm (0.1 uW)","CMIS",,,,"OpticalPowerRx7",
"Regress HLA","optical_field",0.65066401,0.00002134,"-40.00 dBm (0.1 uW)","CMIS",,,,"OpticalPowerRx8",
"Regress HLA","optical_event",1.10108955,0.00002114,,"CMIS",,,"Set Reg Address -> 0x03 (3)",,
"Regress HLA","optical_field",1.10113881,0.00002153,"PwrUp (Powering Up)","CMIS",,,,"Module State",
"Regress HLA","optical_field",1.10116162,0.00002148,"Page11h","CMIS",,,,"Flags Summary (bank 0)",
"Regress HLA","optical_field",1.10118438,0.00002148,"Page11h","CMIS",,,,"Flags Summary (bank 1)",
"Regress HLA","optical_field",1.10120714,0.00002147,"OK (Normal)","CMIS",,,,"Flags Summary (bank 2)",
"Regress HLA","optical_field",1.1012299,0.00002186,"OK (Normal)","CMIS",,,,"Flags Summary (bank 3)",
"Regress HLA","optical_field",1.10125304,0.00002148,"OK (Normal)","CMIS",,,,"Module Flags",
"Regress HLA","optical_field",1.1012758,0.00002148,"VccHighWarn","CMIS",,,,"Global Flags",
"Regress HLA","optical_field",1.10129856,0.00002148,"OK (Normal)","CMIS",,,,"Aux 1/2 Flags",
"Regress HLA","optical_field",1.10132132,0.00002148,"OK (Normal)","CMIS",,,,"Aux 3 / Custom Flags",
"Regress HLA","optical_event",1.10134408,0.00002148,,"CMIS",,,"Read Reg[0x0C] = 0x00",,
"Regress HLA","optical_event",1.10136684,0.00002148,,"CMIS",,,"Read Reg[0x0D] = 0x00",,
"Regress HLA","optical_field",1.10141236,0.00002148,"39.47 °C","CMIS",,,,"Module Temperature",
"Regress HLA","optical_field",1.10145788,0.00002148,"3.591 V","CMIS",,,,"Supply Voltage Vcc",
"Regress HLA","optical_field",1.1015034,0.00002148,"0 (raw) [assumed custom]","CMIS",,,,"Aux1MonValue",
"Regress HLA","optical_field",1.10154892,0.00002177,"0.00 °C [assumed laser_temperature]","CMIS",,,,"Aux2MonValue",
"Regress HLA","optical_field",1.10159473,0.00002148,"0.00 °C [assumed laser_temperature]","CMIS",,,,"Aux3MonValue",
"Regress HLA","optical_field",1.10164025,0.00002147,"0 (raw)","CMIS",,,,"CustomMonValue",
"Regress HLA","optical_field",1.101663,0.00002134,"LowPwrAllowRequestHW","CMIS",,,,"Module Control",
"Regress HLA","optical_event",1.10308938,0.0000213,,"CMIS",,,"Set Reg Address -> 0x7F (127)",,
"Regress HLA","optical_event",1.10311197,0.00002112,,"CMIS",,,"Page Select -> Page 0x02",,
"Regress HLA","optical_event",1.11708946,0.00002115,,"CMIS",,,"Set Reg Address -> 0x80 (128)",,
"Regress HLA","optical_field",1.11716153,0.00002148,"75.00 °C","CMIS",,,,"TempMonHighAlarmThreshold",
"Regress HLA","optical_field",1.11720705,0.00002148,"-5.00 °C","CMIS",,,,"TempMonLowAlarmThreshold",
"Regress HLA","optical_field",1.11725296,0.00002148,"70.00 °C","CMIS",,,,"TempMonHighWarningThreshold",
"Regress HLA","optical_field",1.11729848,0.00002148,"0.00 °C","CMIS",,,,"TempMonLowWarningThreshold",
"Regress HLA","optical_field",1.117344,0.00002147,"3.630 V","CMIS",,,,"VccMonHighAlarmThreshold",
"Regress HLA","optical_field",1.11738952,0.00002147,"2.970 V","CMIS",,,,"VccMonLowAlarmThreshold",
"Regress HLA","optical_field",1.11743503,0.00002149,"3.465 V","CMIS",,,,"VccMonHighWarningThreshold",
"Regress HLA","optical_field",1.11748056,0.00002147,"3.135 V","CMIS",,,,"VccMonLowWarningThreshold",
"Regress HLA","optical_field",1.11752608,0.00002147,"0 (raw) [assumed custom]","CMIS",,,,"Aux1MonHighAlarmThreshold",
"Regress HLA","optical_field",1.11757189,0.00002147,"0 (raw) [assumed custom]","CMIS",,,,"Aux1MonLowAlarmThreshold",
"Regress HLA","optical_field",1.11761741,0.00002147,"0 (raw) [assumed custom]","CMIS",,,,"Aux1MonHighWarningThreshold",
"Regress HLA","optical_field",1.11766292,0.00002148,"0 (raw) [assumed custom]","CMIS",,,,"Aux1MonLowWarningThreshold",
"Regress HLA","optical_field",1.11770844,0.00002148,"0.00 °C [assumed laser_temperature]","CMIS",,,,"Aux2MonHighAlarmThreshold",
"Regress HLA","optical_field",1.11775396,0.00002148,"0.00 °C [assumed laser_temperature]","CMIS",,,,"Aux2MonLowAlarmThreshold",
"Regress HLA","optical_field",1.11779948,0.00002148,"0.00 °C [assumed laser_temperature]","CMIS",,,,"Aux2MonHighWarningThreshold",
"Regress HLA","optical_field",1.117845,0.00002148,"0.00 °C [assumed laser_temperature]","CMIS",,,,"Aux2MonLowWarningThreshold",
"Regress HLA","optical_field",1.11789081,0.00002148,"0.00 °C [assumed laser_temperature]","CMIS",,,,"Aux3MonHighAlarmThreshold",
"Regress HLA","optical_field",1.11793633,0.00002148,"0.00 °C [assumed laser_temperature]","CMIS",,,,"Aux3MonLowAlarmThreshold",
"Regress HLA","optical_field",1.11798185,0.00002148,"0.00 °C [assumed laser_temperature]","CMIS",,,,"Aux3MonHighWarningThreshold",
"Regress HLA","optical_field",1.11802737,0.00002148,"0.00 °C [assumed laser_temperature]","CMIS",,,,"Aux3MonLowWarningThreshold",
"Regress HLA","optical_field",1.11807289,0.00002148,"0 (raw)","CMIS",,,,"CustomMonHighAlarmThreshold",
"Regress HLA","optical_field",1.11811841,0.00002148,"0 (raw)","CMIS",,,,"CustomMonLowAlarmThreshold",
"Regress HLA","optical_field",1.11816393,0.00002148,"0 (raw)","CMIS",,,,"CustomMonHighWarningThreshold",
"Regress HLA","optical_field",1.11820974,0.00002148,"0 (raw)","CMIS",,,,"CustomMonLowWarningThreshold",
"Regress HLA","optical_field",1.11825526,0.00002148,"6.80 dBm (4786.3 uW)","CMIS",,,,"OpticalPowerTxHighAlarmThreshold",
"Regress HLA","optical_field",1.11830078,0.00002148,"-3.90 dBm (407.4 uW)","CMIS",,,,"OpticalPowerTxLowAlarmThreshold",
"Regress HLA","optical_field",1.1183463,0.00002148,"4.80 dBm (3020.0 uW)","CMIS",,,,"OpticalPowerTxHighWarningThreshold",
"Regress HLA","optical_field",1.11839182,0.00002148,"-1.90 dBm (645.7 uW)","CMIS",,,,"OpticalPowerTxLowWarningThreshold",
"Regress HLA","optical_field",1.11843734,0.00002148,"100.00 mA (x1 assumed)","CMIS",,,,"LaserBiasHighAlarmThreshold",
"Regress HLA","optical_field",1.11848286,0.00002148,"10.00 mA (x1 assumed)","CMIS",,,,"LaserBiasLowAlarmThreshold",
"Regress HLA","optical_field",1.11852867,0.00002148,"95.00 mA (x1 assumed)","CMIS",,,,"LaserBiasHighWarningThreshold",
"Regress HLA","optical_field",1.11857419,0.00002148,"15.00 mA (x1 assumed)","CMIS",,,,"LaserBiasLowWarningThreshold",
"Regress HLA","optical_field",1.11861971,0.00002148,"6.30 dBm (4265.8 uW)","CMIS",,,,"OpticalPowerRxHighAlarmThreshold",
"Regress HLA","optical_field",1.11866523,0.00002148,"-11.20 dBm (75.9 uW)","CMIS",,,,"OpticalPowerRxLowAlarmThreshold",
"Regress HLA","optical_field",1.11871075,0.00002148,"5.80 dBm (3801.9 uW)","CMIS",,,,"OpticalPowerRxHighWarningThreshold",
"Regress HLA","optical_field",1.11875626,0.00002134,"-10.20 dBm (95.5 uW)","CMIS",,,,"OpticalPowerRxLowWarningThreshold",
"Regress HLA","optical_compliance",1.11878027,0.00000001,,"CMIS","warning","THRESHOLD_UNINITIALIZED",,,"[THRESHOLD_UNINITIALIZED] TempMonLowWarningThreshold is 0 - threshold not programmed"
"Regress HLA","optical_event",1.12208962,0.00002131,,"CMIS",,,"Set Reg Address -> 0x7F (127)",,
"Regress HLA","optical_event",1.12211221,0.00002112,,"CMIS",,,"Page Select -> Page 0x10",,
"Regress HLA","optical_event",1.13308933,0.00002114,,"CMIS",,,"Set Reg Address -> 0x80 (128)",,
"Regress HLA","optical_field",1.13313859,0.00002153,"0x00 (initialize all lanes)","CMIS",,,,"DP Deinit Lanes",
"Regress HLA","optical_event",1.13316139,0.00002149,,"CMIS",,,"Read Reg[0x81] = 0x00",,
"Regress HLA","optical_event",1.13318416,0.00002147,,"CMIS",,,"Read Reg[0x82] = 0x00",,
"Regress HLA","optical_event",1.13320692,0.00002148,,"CMIS",,,"Read Reg[0x83] = 0x00",,
"Regress HLA","optical_event",1.13322968,0.00002187,,"CMIS",,,"Read Reg[0x84] = 0x00",,
"Regress HLA","optical_event",1.13325283,0.00002148,,"CMIS",,,"Read Reg[0x85] = 0x00",,
"Regress HLA","optical_event",1.13327559,0.00002148,,"CMIS",,,"Read Reg[0x86] = 0x00",,
"Regress HLA","optical_event",1.13329835,0.00002148,,"CMIS",,,"Read Reg[0x87] = 0x00",,
"Regress HLA","optical_event",1.13332111,0.00002148,,"CMIS",,,"Read Reg[0x88] = 0x00",,
"Regress HLA","optical_event",1.13334387,0.00002148,,"CMIS",,,"Read Reg[0x89] = 0x00",,
"Regress HLA","optical_event",1.13336663,0.00002148,,"CMIS",,,"Read Reg[0x8A] = 0x00",,
"Regress HLA","optical_event",1.13338939,0.00002148,,"CMIS",,,"Read Reg[0x8B] = 0x00",,
"Regress HLA","optical_event",1.13341215,0.00002148,,"CMIS",,,"Read Reg[0x8C] = 0x00",,
"Regress HLA","optical_event",1.13343491,0.00002148,,"CMIS",,,"Read Reg[0x8D] = 0x00",,
"Regress HLA","optical_event",1.13345767,0.00002148,,"CMIS",,,"Read Reg[0x8E] = 0x00",,
"Regress HLA","optical_field",1.13348043,0.00002148,"no lanes selected","CMIS",,,,"ApplyDPInit",
"Regress HLA","optical_field",1.13350319,0.00002148,"no lanes selected","CMIS",,,,"ApplyImmediate",
"Regress HLA","optical_field",1.13352595,0.00002148,"AppSel=1, DataPathID=0, ExplicitControl=0","CMIS",,,,"Lane 1 DataPath Ctrl",
"Regress HLA","optical_field",1.13354871,0.00002177,"AppSel=1, DataPathID=0, ExplicitControl=0","CMIS",,,,"Lane 2 DataPath Ctrl",
"Regress HLA","optical_field",1.13357175,0.00002149,"AppSel=1, DataPathID=2, ExplicitControl=0","CMIS",,,,"Lane 3 DataPath Ctrl",
"Regress HLA","optical_field",1.13359452,0.00002148,"AppSel=1, DataPathID=2, ExplicitControl=0","CMIS",,,,"Lane 4 DataPath Ctrl",
"Regress HLA","optical_field",1.13361728,0.00002148,"AppSel=1, DataPathID=4, ExplicitControl=0","CMIS",,,,"Lane 5 DataPath Ctrl",
"Regress HLA","optical_field",1.13364004,0.00002148,"AppSel=1, DataPathID=4, ExplicitControl=0","CMIS",,,,"Lane 6 DataPath Ctrl",
"Regress HLA","optical_field",1.1336628,0.00002148,"AppSel=1, DataPathID=6, ExplicitControl=0","CMIS",,,,"Lane 7 DataPath Ctrl",
"Regress HLA","optical_field",1.13368556,0.00002148,"AppSel=1, DataPathID=6, ExplicitControl=0","CMIS",,,,"Lane 8 DataPath Ctrl",
"Regress HLA","optical_event",1.13370832,0.00002148,,"CMIS",,,"Read Reg[0x99] = 0xFF",,
"Regress HLA","optical_event",1.13373108,0.00002148,,"CMIS",,,"Read Reg[0x9A] = 0x00",,
"Regress HLA","optical_event",1.13375384,0.00002147,,"CMIS",,,"Read Reg[0x9B] = 0x00",,
"Regress HLA","optical_event",1.1337766,0.00002148,,"CMIS",,,"Read Reg[0x9C] = 0x00",,
"Regress HLA","optical_event",1.13379936,0.00002148,,"CMIS",,,"Read Reg[0x9D] = 0x00",,
"Regress HLA","optical_event",1.13382212,0.00002146,,"CMIS",,,"Read Reg[0x9E] = 0x00",,
"Regress HLA","optical_event",1.13384487,0.00002134,,"CMIS",,,"Read Reg[0x9F] = 0x00",,
"Regress HLA","optical_event",1.13508939,0.0000213,,"CMIS",,,"Set Reg Address -> 0x7F (127)",,
"Regress HLA","optical_event",1.13511197,0.00002113,,"CMIS",,,"Page Select -> Page 0x11",,
"Regress HLA","optical_event",1.14808982,0.00002115,,"CMIS",,,"Set Reg Address -> 0x86 (134)",,
"Regress HLA","optical_field",1.14813908,0.00002153,"0x00 (none)","CMIS",,,,"DP State Changed Flags",
"Regress HLA","optical_field",1.14816189,0.00002148,"0x00 (none)","CMIS",,,,"Tx Fault Flags",
"Regress HLA","optical_field",1.14818465,0.00002148,"0x00 (none)","CMIS",,,,"Tx LOS Flags",
"Regress HLA","optical_field",1.14820741,0.00002148,"0x00 (none)","CMIS",,,,"Tx CDRLOL Flags",
"Regress HLA","optical_field",1.14823017,0.00002148,"0x00 (none)","CMIS",,,,"Tx Adaptive EQ Fail Flags",
"Regress HLA","optical_field",1.14825293,0.00002187,"0x00 (none)","CMIS",,,,"Tx Power High Alarm Flags",
"Regress HLA","optical_field",1.14827608,0.00002148,"0x00 (none)","CMIS",,,,"Tx Power Low Alarm Flags",
"Regress HLA","optical_field",1.14829884,0.00002148,"0x00 (none)","CMIS",,,,"Tx Power High Warn Flags",
"Regress HLA","optical_field",1.1483216,0.00002148,"0x00 (none)","CMIS",,,,"Tx Power Low Warn Flags",
"Regress HLA","optical_field",1.14834436,0.00002147,"0x00 (none)","CMIS",,,,"Tx Bias High Alarm Flags",
"Regress HLA","optical_field",1.14836712,0.00002148,"0x00 (none)","CMIS",,,,"Tx Bias Low Alarm Flags",
"Regress HLA","optical_field",1.14838988,0.00002148,"0x00 (none)","CMIS",,,,"Tx Bias High Warn Flags",
"Regress HLA","optical_field",1.14841264,0.00002147,"0x00 (none)","CMIS",,,,"Tx Bias Low Warn Flags",
"Regress HLA","optical_field",1.1484354,0.00002148,"0xFF (1, 2, 3, 4, 5, 6, 7, 8)","CMIS",,,,"Rx LOS Flags",
"Regress HLA","optical_field",1.14845816,0.00002147,"0x00 (none)","CMIS",,,,"Rx LOL Flags",
"Regress HLA","optical_field",1.14848092,0.00002147,"0x00 (none)","CMIS",,,,"Rx Power High Alarm Flags",
"Regress HLA","optical_field",1.14850368,0.00002147,"0x00 (none)","CMIS",,,,"Rx Power Low Alarm Flags",
"Regress HLA","optical_field",1.14852643,0.00002148,"0x00 (none)","CMIS",,,,"Rx Power High Warn Flags",
"Regress HLA","optical_field",1.1485492,0.00002147,"0x00 (none)","CMIS",,,,"Rx Power Low Warn Flags",
"Regress HLA","optical_field",1.14857195,0.00002177,"0x00 (none)","CMIS",,,,"Rx Output Status Changed Flags",
"Regress HLA","optical_field",1.14861777,0.00002148,"-40.00 dBm (0.1 uW)","CMIS",,,,"OpticalPowerTx1",
"Regress HLA","optical_field",1.14866328,0.00002148,"-40.00 dBm (0.1 uW)","CMIS",,,,"OpticalPowerTx2",
"Regress HLA","optical_field",1.1487088,0.00002148,"-40.00 dBm (0.1 uW)","CMIS",,,,"OpticalPowerTx3",
"Regress HLA","optical_field",1.14875432,0.00002148,"-40.00 dBm (0.1 uW)","CMIS",,,,"OpticalPowerTx4",
"Regress HLA","optical_field",1.14879984,0.00002148,"-40.00 dBm (0.1 uW)","CMIS",,,,"OpticalPowerTx5",
"Regress HLA","optical_field",1.14884536,0.00002148,"-40.00 dBm (0.1 uW)","CMIS",,,,"OpticalPowerTx6",
"Regress HLA","optical_field",1.14889088,0.00002148,"-40.00 dBm (0.1 uW)","CMIS",,,,"OpticalPowerTx7",
"Regress HLA","optical_field",1.14893669,0.00002148,"-40.00 dBm (0.1 uW)","CMIS",,,,"OpticalPowerTx8",
"Regress HLA","optical_field",1.14898221,0.00002148,"0.00 mA (x1 assumed)","CMIS",,,,"LaserBiasTx1",
"Regress HLA","optical_field",1.14902773,0.00002148,"0.00 mA (x1 assumed)","CMIS",,,,"LaserBiasTx2",
"Regress HLA","optical_field",1.14907325,0.00002148,"0.00 mA (x1 assumed)","CMIS",,,,"LaserBiasTx3",
"Regress HLA","optical_field",1.14911877,0.00002148,"0.00 mA (x1 assumed)","CMIS",,,,"LaserBiasTx4",
"Regress HLA","optical_field",1.14916429,0.00002148,"0.00 mA (x1 assumed)","CMIS",,,,"LaserBiasTx5",
"Regress HLA","optical_field",1.14920981,0.00002148,"0.00 mA (x1 assumed)","CMIS",,,,"LaserBiasTx6",
"Regress HLA","optical_field",1.14925562,0.00002148,"0.00 mA (x1 assumed)","CMIS",,,,"LaserBiasTx7",
"Regress HLA","optical_field",1.14930114,0.00002148,"0.00 mA (x1 assumed)","CMIS",,,,"LaserBiasTx8",
"Regress HLA","optical_field",1.14934666,0.00002148,"-40.00 dBm (0.1 uW)","CMIS",,,,"OpticalPowerRx1",
"Regress HLA","optical_field",1.14939218,0.00002148,"-40.00 dBm (0.1 uW)","CMIS",,,,"OpticalPowerRx2",
"Regress HLA","optical_field",1.1494377,0.00002148,"-40.00 dBm (0.1 uW)","CMIS",,,,"OpticalPowerRx3",
"Regress HLA","optical_field",1.14948322,0.00002148,"-40.00 dBm (0.1 uW)","CMIS",,,,"OpticalPowerRx4",
"Regress HLA","optical_field",1.14952874,0.00002148,"-40.00 dBm (0.1 uW)","CMIS",,,,"OpticalPowerRx5",
"Regress HLA","optical_field",1.14957455,0.00002148,"-40.00 dBm (0.1 uW)","CMIS",,,,"OpticalPowerRx6",
"Regress HLA","optical_field",1.14962007,0.00002148,"-40.00 dBm (0.1 uW)","CMIS",,,,"OpticalPowerRx7",
"Regress HLA","optical_field",1.14966558,0.00002134,"-40.00 dBm (0.1 uW)","CMIS",,,,"OpticalPowerRx8",
"Regress HLA","optical_event",1.59609039,0.00002115,,"CMIS",,,"Set Reg Address -> 0x03 (3)",,
"Regress HLA","optical_field",1.59613965,0.00002153,"PwrUp (Powering Up)","CMIS",,,,"Module State",
"Regress HLA","optical_field",1.59616247,0.00002147,"Page11h","CMIS",,,,"Flags Summary (bank 0)",
"Regress HLA","optical_field",1.59618522,0.00002148,"Page11h","CMIS",,,,"Flags Summary (bank 1)",
"Regress HLA","optical_field",1.59620799,0.00002147,"OK (Normal)","CMIS",,,,"Flags Summary (bank 2)",
"Regress HLA","optical_field",1.59623075,0.00002147,"OK (Normal)","CMIS",,,,"Flags Summary (bank 3)",
"Regress HLA","optical_field",1.5962535,0.00002188,"OK (Normal)","CMIS",,,,"Module Flags",
"Regress HLA","optical_field",1.59627666,0.00002148,"VccHighWarn","CMIS",,,,"Global Flags",
"Regress HLA","optical_field",1.59629942,0.00002148,"OK (Normal)","CMIS",,,,"Aux 1/2 Flags",
"Regress HLA","optical_field",1.59632218,0.00002148,"OK (Normal)","CMIS",,,,"Aux 3 / Custom Flags",
"Regress HLA","optical_event",1.59634494,0.00002148,,"CMIS",,,"Read Reg[0x0C] = 0x00",,
"Regress HLA","optical_event",1.5963677,0.00002148,,"CMIS",,,"Read Reg[0x0D] = 0x00",,
"Regress HLA","optical_field",1.59641322,0.00002148,"39.47 °C","CMIS",,,,"Module Temperature",
"Regress HLA","optical_field",1.59645873,0.00002149,"3.591 V","CMIS",,,,"Supply Voltage Vcc",
"Regress HLA","optical_field",1.59650426,0.00002148,"0 (raw) [assumed custom]","CMIS",,,,"Aux1MonValue",
"Regress HLA","optical_field",1.59654978,0.00002147,"0.00 °C [assumed laser_temperature]","CMIS",,,,"Aux2MonValue",
"Regress HLA","optical_field",1.59659558,0.00002147,"0.00 °C [assumed laser_temperature]","CMIS",,,,"Aux3MonValue",
"Regress HLA","optical_field",1.5966411,0.00002146,"0 (raw)","CMIS",,,,"CustomMonValue",
"Regress HLA","optical_field",1.59666384,0.00002135,"LowPwrAllowRequestHW","CMIS",,,,"Module Control",
"Regress HLA","optical_event",1.59809057,0.00002131,,"CMIS",,,"Set Reg Address -> 0x7F (127)",,
"Regress HLA","optical_event",1.59811316,0.00002112,,"CMIS",,,"Page Select -> Page 0x02",,
"Regress HLA","optical_event",1.61209094,0.00002115,,"CMIS",,,"Set Reg Address -> 0x80 (128)",,
"Regress HLA","optical_field",1.61216302,0.00002148,"75.00 °C","CMIS",,,,"TempMonHighAlarmThreshold",
"Regress HLA","optical_field",1.61220854,0.00002147,"-5.00 °C","CMIS",,,,"TempMonLowAlarmThreshold",
"Regress HLA","optical_field",1.61225405,0.00002188,"70.00 °C","CMIS",,,,"TempMonHighWarningThreshold",
"Regress HLA","optical_field",1.61229997,0.00002148,"0.00 °C","CMIS",,,,"TempMonLowWarningThreshold",
"Regress HLA","optical_field",1.61234549,0.00002148,"3.630 V","CMIS",,,,"VccMonHighAlarmThreshold",
"Regress HLA","optical_field",1.61239101,0.00002148,"2.970 V","CMIS",,,,"VccMonLowAlarmThreshold",
"Regress HLA","optical_field",1.61243653,0.00002148,"3.465 V","CMIS",,,,"VccMonHighWarningThreshold",
"Regress HLA","optical_field",1.61248205,0.00002148,"3.135 V","CMIS",,,,"VccMonLowWarningThreshold",
"Regress HLA","optical_field",1.61252757,0.00002148,"0 (raw) [assumed custom]","CMIS",,,,"Aux1MonHighAlarmThreshold",
"Regress HLA","optical_field",1.61257309,0.00002177,"0 (raw) [assumed custom]","CMIS",,,,"Aux1MonLowAlarmThreshold",
"Regress HLA","optical_field",1.6126189,0.00002148,"0 (raw) [assumed custom]","CMIS",,,,"Aux1MonHighWarningThreshold",
"Regress HLA","optical_field",1.61266442,0.00002148,"0 (raw) [assumed custom]","CMIS",,,,"Aux1MonLowWarningThreshold",
"Regress HLA","optical_field",1.61270994,0.00002148,"0.00 °C [assumed laser_temperature]","CMIS",,,,"Aux2MonHighAlarmThreshold",
"Regress HLA","optical_field",1.61275546,0.00002147,"0.00 °C [assumed laser_temperature]","CMIS",,,,"Aux2MonLowAlarmThreshold",
"Regress HLA","optical_field",1.61280097,0.00002148,"0.00 °C [assumed laser_temperature]","CMIS",,,,"Aux2MonHighWarningThreshold",
"Regress HLA","optical_field",1.6128465,0.00002147,"0.00 °C [assumed laser_temperature]","CMIS",,,,"Aux2MonLowWarningThreshold",
"Regress HLA","optical_field",1.61289202,0.00002176,"0.00 °C [assumed laser_temperature]","CMIS",,,,"Aux3MonHighAlarmThreshold",
"Regress HLA","optical_field",1.61293783,0.00002147,"0.00 °C [assumed laser_temperature]","CMIS",,,,"Aux3MonLowAlarmThreshold",
"Regress HLA","optical_field",1.61298334,0.00002148,"0.00 °C [assumed laser_temperature]","CMIS",,,,"Aux3MonHighWarningThreshold",
"Regress HLA","optical_field",1.61302887,0.00002147,"0.00 °C [assumed laser_temperature]","CMIS",,,,"Aux3MonLowWarningThreshold",
"Regress HLA","optical_field",1.61307439,0.00002147,"0 (raw)","CMIS",,,,"CustomMonHighAlarmThreshold",
"Regress HLA","optical_field",1.6131199,0.00002148,"0 (raw)","CMIS",,,,"CustomMonLowAlarmThreshold",
"Regress HLA","optical_field",1.61316542,0.00002148,"0 (raw)","CMIS",,,,"CustomMonHighWarningThreshold",
"Regress HLA","optical_field",1.61321095,0.00002176,"0 (raw)","CMIS",,,,"CustomMonLowWarningThreshold",
"Regress HLA","optical_field",1.61325675,0.00002148,"6.80 dBm (4786.3 uW)","CMIS",,,,"OpticalPowerTxHighAlarmThreshold",
"Regress HLA","optical_field",1.61330227,0.00002148,"-3.90 dBm (407.4 uW)","CMIS",,,,"OpticalPowerTxLowAlarmThreshold",
"Regress HLA","optical_field",1.61334779,0.00002148,"4.80 dBm (3020.0 uW)","CMIS",,,,"OpticalPowerTxHighWarningThreshold",
"Regress HLA","optical_field",1.61339331,0.00002148,"-1.90 dBm (645.7 uW)","CMIS",,,,"OpticalPowerTxLowWarningThreshold",
"Regress HLA","optical_field",1.61343883,0.00002148,"100.00 mA (x1 assumed)","CMIS",,,,"LaserBiasHighAlarmThreshold",
"Regress HLA","optical_field",1.61348435,0.00002148,"10.00 mA (x1 assumed)","CMIS",,,,"LaserBiasLowAlarmThreshold",
"Regress HLA","optical_field",1.61352987,0.00002177,"95.00 mA (x1 assumed)","CMIS",,,,"LaserBiasHighWarningThreshold",
"Regress HLA","optical_field",1.61357568,0.00002148,"15.00 mA (x1 assumed)","CMIS",,,,"LaserBiasLowWarningThreshold",
"Regress HLA","optical_field",1.6136212,0.00002148,"6.30 dBm (4265.8 uW)","CMIS",,,,"OpticalPowerRxHighAlarmThreshold",
"Regress HLA","optical_field",1.61366672,0.00002148,"-11.20 dBm (75.9 uW)","CMIS",,,,"OpticalPowerRxLowAlarmThreshold",
"Regress HLA","optical_field",1.61371224,0.00002148,"5.80 dBm (3801.9 uW)","CMIS",,,,"OpticalPowerRxHighWarningThreshold",
"Regress HLA","optical_field",1.61375775,0.00002134,"-10.20 dBm (95.5 uW)","CMIS",,,,"OpticalPowerRxLowWarningThreshold",
"Regress HLA","optical_compliance",1.61378177,0.00000001,,"CMIS","warning","THRESHOLD_UNINITIALIZED",,,"[THRESHOLD_UNINITIALIZED] TempMonLowWarningThreshold is 0 - threshold not programmed"
"Regress HLA","optical_event",1.61709089,0.0000213,,"CMIS",,,"Set Reg Address -> 0x7F (127)",,
"Regress HLA","optical_event",1.61711347,0.00002112,,"CMIS",,,"Page Select -> Page 0x10",,
"Regress HLA","optical_event",1.62709065,0.00002115,,"CMIS",,,"Set Reg Address -> 0x80 (128)",,
"Regress HLA","optical_field",1.62713991,0.00002153,"0x00 (initialize all lanes)","CMIS",,,,"DP Deinit Lanes",
"Regress HLA","optical_event",1.62716272,0.00002148,,"CMIS",,,"Read Reg[0x81] = 0x00",,
"Regress HLA","optical_event",1.62718548,0.00002148,,"CMIS",,,"Read Reg[0x82] = 0x00",,
"Regress HLA","optical_event",1.62720824,0.00002148,,"CMIS",,,"Read Reg[0x83] = 0x00",,
"Regress HLA","optical_event",1.627231,0.00002148,,"CMIS",,,"Read Reg[0x84] = 0x00",,
"Regress HLA","optical_event",1.62725376,0.00002148,,"CMIS",,,"Read Reg[0x85] = 0x00",,
"Regress HLA","optical_event",1.62727652,0.00002148,,"CMIS",,,"Read Reg[0x86] = 0x00",,
"Regress HLA","optical_event",1.62729966,0.00002148,,"CMIS",,,"Read Reg[0x87] = 0x00",,
"Regress HLA","optical_event",1.62732242,0.00002148,,"CMIS",,,"Read Reg[0x88] = 0x00",,
"Regress HLA","optical_event",1.62734519,0.00002147,,"CMIS",,,"Read Reg[0x89] = 0x00",,
"Regress HLA","optical_event",1.62736795,0.00002147,,"CMIS",,,"Read Reg[0x8A] = 0x00",,
"Regress HLA","optical_event",1.62739071,0.00002147,,"CMIS",,,"Read Reg[0x8B] = 0x00",,
"Regress HLA","optical_event",1.62741346,0.00002148,,"CMIS",,,"Read Reg[0x8C] = 0x00",,
"Regress HLA","optical_event",1.62743622,0.00002148,,"CMIS",,,"Read Reg[0x8D] = 0x00",,
"Regress HLA","optical_event",1.62745898,0.00002148,,"CMIS",,,"Read Reg[0x8E] = 0x00",,
"Regress HLA","optical_field",1.62748174,0.00002148,"no lanes selected","CMIS",,,,"ApplyDPInit",
"Regress HLA","optical_field",1.6275045,0.00002148,"no lanes selected","CMIS",,,,"ApplyImmediate",
"Regress HLA","optical_field",1.62752726,0.00002148,"AppSel=1, DataPathID=0, ExplicitControl=0","CMIS",,,,"Lane 1 DataPath Ctrl",
"Regress HLA","optical_field",1.62755002,0.00002148,"AppSel=1, DataPathID=0, ExplicitControl=0","CMIS",,,,"Lane 2 DataPath Ctrl",
"Regress HLA","optical_field",1.62757278,0.00002148,"AppSel=1, DataPathID=2, ExplicitControl=0","CMIS",,,,"Lane 3 DataPath Ctrl",
"Regress HLA","optical_field",1.62759554,0.00002148,"AppSel=1, DataPathID=2, ExplicitControl=0","CMIS",,,,"Lane 4 DataPath Ctrl",
"Regress HLA","optical_field",1.6276183,0.00002177,"AppSel=1, DataPathID=4, ExplicitControl=0","CMIS",,,,"Lane 5 DataPath Ctrl",
"Regress HLA","optical_field",1.62764135,0.00002148,"AppSel=1, DataPathID=4, ExplicitControl=0","CMIS",,,,"Lane 6 DataPath Ctrl",
"Regress HLA","optical_field",1.62766411,0.00002148,"AppSel=1, DataPathID=6, ExplicitControl=0","CMIS",,,,"Lane 7 DataPath Ctrl",
"Regress HLA","optical_field",1.62768687,0.00002148,"AppSel=1, DataPathID=6, ExplicitControl=0","CMIS",,,,"Lane 8 DataPath Ctrl",
"Regress HLA","optical_event",1.62770963,0.00002148,,"CMIS",,,"Read Reg[0x99] = 0xFF",,
"Regress HLA","optical_event",1.62773239,0.00002148,,"CMIS",,,"Read Reg[0x9A] = 0x00",,
"Regress HLA","optical_event",1.62775515,0.00002148,,"CMIS",,,"Read Reg[0x9B] = 0x00",,
"Regress HLA","optical_event",1.62777791,0.00002148,,"CMIS",,,"Read Reg[0x9C] = 0x00",,
"Regress HLA","optical_event",1.62780067,0.00002148,,"CMIS",,,"Read Reg[0x9D] = 0x00",,
"Regress HLA","optical_event",1.62782343,0.00002147,,"CMIS",,,"Read Reg[0x9E] = 0x00",,
"Regress HLA","optical_event",1.62784618,0.00002135,,"CMIS",,,"Read Reg[0x9F] = 0x00",,
"Regress HLA","optical_event",1.62909084,0.0000213,,"CMIS",,,"Set Reg Address -> 0x7F (127)",,
"Regress HLA","optical_event",1.62911342,0.00002113,,"CMIS",,,"Page Select -> Page 0x11",,
"Regress HLA","optical_event",1.64209128,0.00002115,,"CMIS",,,"Set Reg Address -> 0x86 (134)",,
"Regress HLA","optical_field",1.64214054,0.00002153,"0x00 (none)","CMIS",,,,"DP State Changed Flags",
"Regress HLA","optical_field",1.64216336,0.00002147,"0x00 (none)","CMIS",,,,"Tx Fault Flags",
"Regress HLA","optical_field",1.64218611,0.00002148,"0x00 (none)","CMIS",,,,"Tx LOS Flags",
"Regress HLA","optical_field",1.64220887,0.00002148,"0x00 (none)","CMIS",,,,"Tx CDRLOL Flags",
"Regress HLA","optical_field",1.64223163,0.00002148,"0x00 (none)","CMIS",,,,"Tx Adaptive EQ Fail Flags",
"Regress HLA","optical_field",1.64225439,0.00002148,"0x00 (none)","CMIS",,,,"Tx Power High Alarm Flags",
"Regress HLA","optical_field",1.64227715,0.00002148,"0x00 (none)","CMIS",,,,"Tx Power Low Alarm Flags",
"Regress HLA","optical_field",1.64229991,0.00002148,"0x00 (none)","CMIS",,,,"Tx Power High Warn Flags",
"Regress HLA","optical_field",1.64232267,0.00002188,"0x00 (none)","CMIS",,,,"Tx Power Low Warn Flags",
"Regress HLA","optical_field",1.64234583,0.00002148,"0x00 (none)","CMIS",,,,"Tx Bias High Alarm Flags",
"Regress HLA","optical_field",1.64236859,0.00002148,"0x00 (none)","CMIS",,,,"Tx Bias Low Alarm Flags",
"Regress HLA","optical_field",1.64239135,0.00002148,"0x00 (none)","CMIS",,,,"Tx Bias High Warn Flags",
"Regress HLA","optical_field",1.64241411,0.00002148,"0x00 (none)","CMIS",,,,"Tx Bias Low Warn Flags",
"Regress HLA","optical_field",1.64243687,0.00002148,"0xFF (1, 2, 3, 4, 5, 6, 7, 8)","CMIS",,,,"Rx LOS Flags",
"Regress HLA","optical_field",1.64245963,0.00002147,"0x00 (none)","CMIS",,,,"Rx LOL Flags",
"Regress HLA","optical_field",1.64248238,0.00002148,"0x00 (none)","CMIS",,,,"Rx Power High Alarm Flags",
"Regress HLA","optical_field",1.64250515,0.00002147,"0x00 (none)","CMIS",,,,"Rx Power Low Alarm Flags",
"Regress HLA","optical_field",1.6425279,0.00002148,"0x00 (none)","CMIS",,,,"Rx Power High Warn Flags",
"Regress HLA","optical_field",1.64255067,0.00002147,"0x00 (none)","CMIS",,,,"Rx Power Low Warn Flags",
"Regress HLA","optical_field",1.64257342,0.00002148,"0x00 (none)","CMIS",,,,"Rx Output Status Changed Flags",
"Regress HLA","optical_field",1.64261894,0.00002148,"-40.00 dBm (0.1 uW)","CMIS",,,,"OpticalPowerTx1",
"Regress HLA","optical_field",1.64266475,0.00002149,"-40.00 dBm (0.1 uW)","CMIS",,,,"OpticalPowerTx2",
"Regress HLA","optical_field",1.64271027,0.00002148,"-40.00 dBm (0.1 uW)","CMIS",,,,"OpticalPowerTx3",
"Regress HLA","optical_field",1.64275579,0.00002148,"-40.00 dBm (0.1 uW)","CMIS",,,,"OpticalPowerTx4",
"Regress HLA","optical_field",1.64280131,0.00002148,"-40.00 dBm (0.1 uW)","CMIS",,,,"OpticalPowerTx5",
"Regress HLA","optical_field",1.64284684,0.00002147,"-40.00 dBm (0.1 uW)","CMIS",,,,"OpticalPowerTx6",
"Regress HLA","optical_field",1.64289235,0.00002148,"-40.00 dBm (0.1 uW)","CMIS",,,,"OpticalPowerTx7",
"Regress HLA","optical_field",1.64293787,0.00002148,"-40.00 dBm (0.1 uW)","CMIS",,,,"OpticalPowerTx8",
"Regress HLA","optical_field",1.64298368,0.00002148,"0.00 mA (x1 assumed)","CMIS",,,,"LaserBiasTx1",
"Regress HLA","optical_field",1.6430292,0.00002148,"0.00 mA (x1 assumed)","CMIS",,,,"LaserBiasTx2",
"Regress HLA","optical_field",1.64307472,0.00002148,"0.00 mA (x1 assumed)","CMIS",,,,"LaserBiasTx3",
"Regress HLA","optical_field",1.64312024,0.00002148,"0.00 mA (x1 assumed)","CMIS",,,,"LaserBiasTx4",
"Regress HLA","optical_field",1.64316576,0.00002148,"0.00 mA (x1 assumed)","CMIS",,,,"LaserBiasTx5",
"Regress HLA","optical_field",1.64321128,0.00002148,"0.00 mA (x1 assumed)","CMIS",,,,"LaserBiasTx6",
"Regress HLA","optical_field",1.6432568,0.00002148,"0.00 mA (x1 assumed)","CMIS",,,,"LaserBiasTx7",
"Regress HLA","optical_field",1.6433026,0.00002148,"0.00 mA (x1 assumed)","CMIS",,,,"LaserBiasTx8",
"Regress HLA","optical_field",1.64334812,0.00002148,"-40.00 dBm (0.1 uW)","CMIS",,,,"OpticalPowerRx1",
"Regress HLA","optical_field",1.64339364,0.00002148,"-40.00 dBm (0.1 uW)","CMIS",,,,"OpticalPowerRx2",
"Regress HLA","optical_field",1.64343916,0.00002148,"-40.00 dBm (0.1 uW)","CMIS",,,,"OpticalPowerRx3",
"Regress HLA","optical_field",1.64348468,0.00002148,"-40.00 dBm (0.1 uW)","CMIS",,,,"OpticalPowerRx4",
"Regress HLA","optical_field",1.6435302,0.00002148,"-40.00 dBm (0.1 uW)","CMIS",,,,"OpticalPowerRx5",
"Regress HLA","optical_field",1.64357572,0.00002148,"-40.00 dBm (0.1 uW)","CMIS",,,,"OpticalPowerRx6",
"Regress HLA","optical_field",1.64362153,0.00002148,"-40.00 dBm (0.1 uW)","CMIS",,,,"OpticalPowerRx7",
"Regress HLA","optical_field",1.64366704,0.00002134,"-40.00 dBm (0.1 uW)","CMIS",,,,"OpticalPowerRx8",
"Regress HLA","optical_event",2.09209224,0.00002115,,"CMIS",,,"Set Reg Address -> 0x03 (3)",,
"Regress HLA","optical_field",2.0921415,0.00002153,"PwrUp (Powering Up)","CMIS",,,,"Module State",
"Regress HLA","optical_field",2.09216431,0.00002148,"Page11h","CMIS",,,,"Flags Summary (bank 0)",
"Regress HLA","optical_field",2.09218707,0.00002148,"Page11h","CMIS",,,,"Flags Summary (bank 1)",
"Regress HLA","optical_field",2.09220983,0.00002148,"OK (Normal)","CMIS",,,,"Flags Summary (bank 2)",
"Regress HLA","optical_field",2.09223259,0.00002187,"OK (Normal)","CMIS",,,,"Flags Summary (bank 3)",
"Regress HLA","optical_field",2.09225574,0.00002148,"OK (Normal)","CMIS",,,,"Module Flags",
"Regress HLA","optical_field",2.0922785,0.00002148,"VccHighWarn","CMIS",,,,"Global Flags",
"Regress HLA","optical_field",2.09230126,0.00002148,"OK (Normal)","CMIS",,,,"Aux 1/2 Flags",
"Regress HLA","optical_field",2.09232402,0.00002148,"OK (Normal)","CMIS",,,,"Aux 3 / Custom Flags",
"Regress HLA","optical_event",2.09234679,0.00002147,,"CMIS",,,"Read Reg[0x0C] = 0x00",,
"Regress HLA","optical_event",2.09236954,0.00002148,,"CMIS",,,"Read Reg[0x0D] = 0x00",,
"Regress HLA","optical_field",2.09241506,0.00002148,"39.47 °C","CMIS",,,,"Module Temperature",
"Regress HLA","optical_field",2.09246058,0.00002148,"3.591 V","CMIS",,,,"Supply Voltage Vcc",
"Regress HLA","optical_field",2.0925061,0.00002148,"0 (raw) [assumed custom]","CMIS",,,,"Aux1MonValue",
"Regress HLA","optical_field",2.09255162,0.00002177,"0.00 °C [assumed laser_temperature]","CMIS",,,,"Aux2MonValue",
"Regress HLA","optical_field",2.09259743,0.00002148,"0.00 °C [assumed laser_temperature]","CMIS",,,,"Aux3MonValue",
"Regress HLA","optical_field",2.09264295,0.00002147,"0 (raw)","CMIS",,,,"CustomMonValue",
"Regress HLA","optical_field",2.0926657,0.00002134,"LowPwrAllowRequestHW","CMIS",,,,"Module Control",
"Regress HLA","optical_event",2.09409203,0.0000213,,"CMIS",,,"Set Reg Address -> 0x7F (127)",,
"Regress HLA","optical_event",2.09411462,0.00002112,,"CMIS",,,"Page Select -> Page 0x02",,
"Regress HLA","optical_event",2.10709198,0.00002114,,"CMIS",,,"Set Reg Address -> 0x80 (128)",,
"Regress HLA","optical_field",2.10716405,0.00002148,"75.00 °C","CMIS",,,,"TempMonHighAlarmThreshold",
"Regress HLA","optical_field",2.10720957,0.00002148,"-5.00 °C","CMIS",,,,"TempMonLowAlarmThreshold",
"Regress HLA","optical_field",2.10725509,0.00002147,"70.00 °C","CMIS",,,,"TempMonHighWarningThreshold",
"Regress HLA","optical_field",2.107301,0.00002148,"0.00 °C","CMIS",,,,"TempMonLowWarningThreshold",
"Regress HLA","optical_field",2.10734652,0.00002148,"3.630 V","CMIS",,,,"VccMonHighAlarmThreshold",
"Regress HLA","optical_field",2.10739204,0.00002148,"2.970 V","CMIS",,,,"VccMonLowAlarmThreshold",
"Regress HLA","optical_field",2.10743756,0.00002148,"3.465 V","CMIS",,,,"VccMonHighWarningThreshold",
"Regress HLA","optical_field",2.10748308,0.00002148,"3.135 V","CMIS",,,,"VccMonLowWarningThreshold",
"Regress HLA","optical_field",2.1075286,0.00002148,"0 (raw) [assumed custom]","CMIS",,,,"Aux1MonHighAlarmThreshold",
"Regress HLA","optical_field",2.10757412,0.00002148,"0 (raw) [assumed custom]","CMIS",,,,"Aux1MonLowAlarmThreshold",
"Regress HLA","optical_field",2.10761993,0.00002148,"0 (raw) [assumed custom]","CMIS",,,,"Aux1MonHighWarningThreshold",
"Regress HLA","optical_field",2.10766545,0.00002148,"0 (raw) [assumed custom]","CMIS",,,,"Aux1MonLowWarningThreshold",
"Regress HLA","optical_field",2.10771097,0.00002148,"0.00 °C [assumed laser_temperature]","CMIS",,,,"Aux2MonHighAlarmThreshold",
"Regress HLA","optical_field",2.10775649,0.00002148,"0.00 °C [assumed laser_temperature]","CMIS",,,,"Aux2MonLowAlarmThreshold",
"Regress HLA","optical_field",2.10780201,0.00002148,"0.00 °C [assumed laser_temperature]","CMIS",,,,"Aux2MonHighWarningThreshold",
"Regress HLA","optical_field",2.10784753,0.00002148,"0.00 °C [assumed laser_temperature]","CMIS",,,,"Aux2MonLowWarningThreshold",
"Regress HLA","optical_field",2.10789305,0.00002148,"0.00 °C [assumed laser_temperature]","CMIS",,,,"Aux3MonHighAlarmThreshold",
"Regress HLA","optical_field",2.10793886,0.00002148,"0.00 °C [assumed laser_temperature]","CMIS",,,,"Aux3MonLowAlarmThreshold",
"Regress HLA","optical_field",2.10798438,0.00002147,"0.00 °C [assumed laser_temperature]","CMIS",,,,"Aux3MonHighWarningThreshold",
"Regress HLA","optical_field",2.1080299,0.00002148,"0.00 °C [assumed laser_temperature]","CMIS",,,,"Aux3MonLowWarningThreshold",
"Regress HLA","optical_field",2.10807542,0.00002148,"0 (raw)","CMIS",,,,"CustomMonHighAlarmThreshold",
"Regress HLA","optical_field",2.10812093,0.00002148,"0 (raw)","CMIS",,,,"CustomMonLowAlarmThreshold",
"Regress HLA","optical_field",2.10816645,0.00002148,"0 (raw)","CMIS",,,,"CustomMonHighWarningThreshold",
"Regress HLA","optical_field",2.10821198,0.00002147,"0 (raw)","CMIS",,,,"CustomMonLowWarningThreshold",
"Regress HLA","optical_field",2.1082578,0.00002147,"6.80 dBm (4786.3 uW)","CMIS",,,,"OpticalPowerTxHighAlarmThreshold",
"Regress HLA","optical_field",2.10830332,0.00002147,"-3.90 dBm (407.4 uW)","CMIS",,,,"OpticalPowerTxLowAlarmThreshold",
"Regress HLA","optical_field",2.10834883,0.00002148,"4.80 dBm (3020.0 uW)","CMIS",,,,"OpticalPowerTxHighWarningThreshold",
"Regress HLA","optical_field",2.10839435,0.00002148,"-1.90 dBm (645.7 uW)","CMIS",,,,"OpticalPowerTxLowWarningThreshold",
"Regress HLA","optical_field",2.10843987,0.00002148,"100.00 mA (x1 assumed)","CMIS",,,,"LaserBiasHighAlarmThreshold",
"Regress HLA","optical_field",2.10848539,0.00002148,"10.00 mA (x1 assumed)","CMIS",,,,"LaserBiasLowAlarmThreshold",
"Regress HLA","optical_field",2.10853091,0.00002148,"95.00 mA (x1 assumed)","CMIS",,,,"LaserBiasHighWarningThreshold",
"Regress HLA","optical_field",2.10857671,0.00002148,"15.00 mA (x1 assumed)","CMIS",,,,"LaserBiasLowWarningThreshold",
"Regress HLA","optical_field",2.10862223,0.00002148,"6.30 dBm (4265.8 uW)","CMIS",,,,"OpticalPowerRxHighAlarmThreshold",
"Regress HLA","optical_field",2.10866775,0.00002148,"-11.20 dBm (75.9 uW)","CMIS",,,,"OpticalPowerRxLowAlarmThreshold",
"Regress HLA","optical_field",2.10871327,0.00002148,"5.80 dBm (3801.9 uW)","CMIS",,,,"OpticalPowerRxHighWarningThreshold",
"Regress HLA","optical_field",2.10875878,0.00002135,"-10.20 dBm (95.5 uW)","CMIS",,,,"OpticalPowerRxLowWarningThreshold",
"Regress HLA","optical_compliance",2.1087828,0.00000001,,"CMIS","warning","THRESHOLD_UNINITIALIZED",,,"[THRESHOLD_UNINITIALIZED] TempMonLowWarningThreshold is 0 - threshold not programmed"
"Regress HLA","optical_event",2.11209277,0.00002131,,"CMIS",,,"Set Reg Address -> 0x7F (127)",,
"Regress HLA","optical_event",2.11211536,0.00002112,,"CMIS",,,"Page Select -> Page 0x10",,
"Regress HLA","optical_event",2.60109351,0.00002114,,"CMIS",,,"Set Reg Address -> 0x03 (3)",,
"Regress HLA","optical_field",2.60114277,0.00002153,"PwrUp (Powering Up)","CMIS",,,,"Module State",
"Regress HLA","optical_field",2.60116558,0.00002148,"Page11h","CMIS",,,,"Flags Summary (bank 0)",
"Regress HLA","optical_field",2.60118834,0.00002148,"Page11h","CMIS",,,,"Flags Summary (bank 1)",
"Regress HLA","optical_field",2.6012111,0.00002148,"OK (Normal)","CMIS",,,,"Flags Summary (bank 2)",
"Regress HLA","optical_field",2.60123386,0.00002147,"OK (Normal)","CMIS",,,,"Flags Summary (bank 3)",
"Regress HLA","optical_field",2.60125662,0.00002148,"ModuleStateChanged","CMIS",,,,"Module Flags",
"Regress HLA","optical_field",2.60127938,0.00002148,"VccHighWarn","CMIS",,,,"Global Flags",
"Regress HLA","optical_field",2.60130214,0.00002147,"OK (Normal)","CMIS",,,,"Aux 1/2 Flags",
"Regress HLA","optical_field",2.6013249,0.00002147,"OK (Normal)","CMIS",,,,"Aux 3 / Custom Flags",
"Regress HLA","optical_event",2.60134765,0.00002187,,"CMIS",,,"Read Reg[0x0C] = 0x00",,
"Regress HLA","optical_event",2.6013708,0.00002148,,"CMIS",,,"Read Reg[0x0D] = 0x00",,
"Regress HLA","optical_field",2.60141632,0.00002148,"39.64 °C","CMIS",,,,"Module Temperature",
"Regress HLA","optical_field",2.60146184,0.00002148,"3.591 V","CMIS",,,,"Supply Voltage Vcc",
"Regress HLA","optical_field",2.60150736,0.00002148,"0 (raw) [assumed custom]","CMIS",,,,"Aux1MonValue",
"Regress HLA","optical_field",2.60155288,0.00002148,"0.00 °C [assumed laser_temperature]","CMIS",,,,"Aux2MonValue",
"Regress HLA","optical_field",2.6015984,0.00002148,"0.00 °C [assumed laser_temperature]","CMIS",,,,"Aux3MonValue",
"Regress HLA","optical_field",2.60164392,0.00002147,"0 (raw)","CMIS",,,,"CustomMonValue",
"Regress HLA","optical_field",2.60166666,0.00002163,"LowPwrAllowRequestHW","CMIS",,,,"Module Control",
"Regress HLA","optical_event",2.60309375,0.0000213,,"CMIS",,,"Set Reg Address -> 0x7F (127)",,
"Regress HLA","optical_event",2.60311633,0.00002113,,"CMIS",,,"Page Select -> Page 0x02",,
"Regress HLA","optical_event",2.61609435,0.00002114,,"CMIS",,,"Set Reg Address -> 0x80 (128)",,
"Regress HLA","optical_field",2.61616642,0.00002148,"75.00 °C","CMIS",,,,"TempMonHighAlarmThreshold",
"Regress HLA","optical_field",2.61621194,0.00002148,"-5.00 °C","CMIS",,,,"TempMonLowAlarmThreshold",
"Regress HLA","optical_field",2.61625746,0.00002147,"70.00 °C","CMIS",,,,"TempMonHighWarningThreshold",
"Regress HLA","optical_field",2.61630298,0.00002147,"0.00 °C","CMIS",,,,"TempMonLowWarningThreshold",
"Regress HLA","optical_field",2.6163485,0.00002147,"3.630 V","CMIS",,,,"VccMonHighAlarmThreshold",
"Regress HLA","optical_field",2.61639431,0.00002148,"2.970 V","CMIS",,,,"VccMonLowAlarmThreshold",
"Regress HLA","optical_field",2.61643983,0.00002147,"3.465 V","CMIS",,,,"VccMonHighWarningThreshold",
"Regress HLA","optical_field",2.61648535,0.00002147,"3.135 V","CMIS",,,,"VccMonLowWarningThreshold",
"Regress HLA","optical_field",2.61653087,0.00002147,"0 (raw) [assumed custom]","CMIS",,,,"Aux1MonHighAlarmThreshold",
"Regress HLA","optical_field",2.61657639,0.00002147,"0 (raw) [assumed custom]","CMIS",,,,"Aux1MonLowAlarmThreshold",
"Regress HLA","optical_field",2.6166219,0.00002148,"0 (raw) [assumed custom]","CMIS",,,,"Aux1MonHighWarningThreshold",
"Regress HLA","optical_field",2.61666742,0.00002148,"0 (raw) [assumed custom]","CMIS",,,,"Aux1MonLowWarningThreshold",
"Regress HLA","optical_field",2.61671323,0.00002147,"0.00 °C [assumed laser_temperature]","CMIS",,,,"Aux2MonHighAlarmThreshold",
"Regress HLA","optical_field",2.61675874,0.00002149,"0.00 °C [assumed laser_temperature]","CMIS",,,,"Aux2MonLowAlarmThreshold",
"Regress HLA","optical_field",2.61680426,0.00002148,"0.00 °C [assumed laser_temperature]","CMIS",,,,"Aux2MonHighWarningThreshold",
"Regress HLA","optical_field",2.61684978,0.00002148,"0.00 °C [assumed laser_temperature]","CMIS",,,,"Aux2MonLowWarningThreshold",
"Regress HLA","optical_field",2.6168953,0.00002148,"0.00 °C [assumed laser_temperature]","CMIS",,,,"Aux3MonHighAlarmThreshold",
"Regress HLA","optical_field",2.61694082,0.00002148,"0.00 °C [assumed laser_temperature]","CMIS",,,,"Aux3MonLowAlarmThreshold",
"Regress HLA","optical_field",2.61698634,0.00002148,"0.00 °C [assumed laser_temperature]","CMIS",,,,"Aux3MonHighWarningThreshold",
"Regress HLA","optical_field",2.61703215,0.00002148,"0.00 °C [assumed laser_temperature]","CMIS",,,,"Aux3MonLowWarningThreshold",
"Regress HLA","optical_field",2.61707767,0.00002148,"0 (raw)","CMIS",,,,"CustomMonHighAlarmThreshold",
"Regress HLA","optical_field",2.61712319,0.00002148,"0 (raw)","CMIS",,,,"CustomMonLowAlarmThreshold",
"Regress HLA","optical_field",2.61716871,0.00002148,"0 (raw)","CMIS",,,,"CustomMonHighWarningThreshold",
"Regress HLA","optical_field",2.61721423,0.00002148,"0 (raw)","CMIS",,,,"CustomMonLowWarningThreshold",
"Regress HLA","optical_field",2.61725975,0.00002148,"6.80 dBm (4786.3 uW)","CMIS",,,,"OpticalPowerTxHighAlarmThreshold",
"Regress HLA","optical_field",2.61730527,0.00002148,"-3.90 dBm (407.4 uW)","CMIS",,,,"OpticalPowerTxLowAlarmThreshold",
"Regress HLA","optical_field",2.61735108,0.00002148,"4.80 dBm (3020.0 uW)","CMIS",,,,"OpticalPowerTxHighWarningThreshold",
"Regress HLA","optical_field",2.6173966,0.00002148,"-1.90 dBm (645.7 uW)","CMIS",,,,"OpticalPowerTxLowWarningThreshold",
"Regress HLA","optical_field",2.61744212,0.00002148,"100.00 mA (x1 assumed)","CMIS",,,,"LaserBiasHighAlarmThreshold",
"Regress HLA","optical_field",2.61748764,0.00002148,"10.00 mA (x1 assumed)","CMIS",,,,"LaserBiasLowAlarmThreshold",
"Regress HLA","optical_field",2.61753316,0.00002148,"95.00 mA (x1 assumed)","CMIS",,,,"LaserBiasHighWarningThreshold",
"Regress HLA","optical_field",2.61757868,0.00002148,"15.00 mA (x1 assumed)","CMIS",,,,"LaserBiasLowWarningThreshold",
"Regress HLA","optical_field",2.6176242,0.00002148,"6.30 dBm (4265.8 uW)","CMIS",,,,"OpticalPowerRxHighAlarmThreshold",
"Regress HLA","optical_field",2.61767,0.00002149,"-11.20 dBm (75.9 uW)","CMIS",,,,"OpticalPowerRxLowAlarmThreshold",
"Regress HLA","optical_field",2.61771553,0.00002148,"5.80 dBm (3801.9 uW)","CMIS",,,,"OpticalPowerRxHighWarningThreshold",
"Regress HLA","optical_field",2.61776104,0.00002134,"-10.20 dBm (95.5 uW)","CMIS",,,,"OpticalPowerRxLowWarningThreshold",
"Regress HLA","optical_compliance",2.61778506,0.00000001,,"CMIS","warning","THRESHOLD_UNINITIALIZED",,,"[THRESHOLD_UNINITIALIZED] TempMonLowWarningThreshold is 0 - threshold not programmed"
"Regress HLA","optical_event",2.62109356,0.0000213,,"CMIS",,,"Set Reg Address -> 0x7F (127)",,
"Regress HLA","optical_event",2.62111615,0.00002112,,"CMIS",,,"Page Select -> Page 0x10",,
"Regress HLA","optical_event",2.63209424,0.00002115,,"CMIS",,,"Set Reg Address -> 0x80 (128)",,
"Regress HLA","optical_field",2.6321435,0.00002153,"0x00 (initialize all lanes)","CMIS",,,,"DP Deinit Lanes",
"Regress HLA","optical_event",2.63216632,0.00002147,,"CMIS",,,"Read Reg[0x81] = 0x00",,
"Regress HLA","optical_event",2.63218907,0.00002148,,"CMIS",,,"Read Reg[0x82] = 0x00",,
"Regress HLA","optical_event",2.63221183,0.00002148,,"CMIS",,,"Read Reg[0x83] = 0x00",,
"Regress HLA","optical_event",2.63223459,0.00002148,,"CMIS",,,"Read Reg[0x84] = 0x00",,
"Regress HLA","optical_event",2.63225735,0.00002148,,"CMIS",,,"Read Reg[0x85] = 0x00",,
"Regress HLA","optical_event",2.63228011,0.00002148,,"CMIS",,,"Read Reg[0x86] = 0x00",,
"Regress HLA","optical_event",2.63230287,0.00002148,,"CMIS",,,"Read Reg[0x87] = 0x00",,
"Regress HLA","optical_event",2.63232563,0.00002148,,"CMIS",,,"Read Reg[0x88] = 0x00",,
"Regress HLA","optical_event",2.63234839,0.00002148,,"CMIS",,,"Read Reg[0x89] = 0x00",,
"Regress HLA","optical_event",2.63237115,0.00002177,,"CMIS",,,"Read Reg[0x8A] = 0x00",,
"Regress HLA","optical_event",2.6323942,0.00002148,,"CMIS",,,"Read Reg[0x8B] = 0x00",,
"Regress HLA","optical_event",2.63241696,0.00002148,,"CMIS",,,"Read Reg[0x8C] = 0x00",,
"Regress HLA","optical_event",2.63243972,0.00002148,,"CMIS",,,"Read Reg[0x8D] = 0x00",,
"Regress HLA","optical_event",2.63246248,0.00002148,,"CMIS",,,"Read Reg[0x8E] = 0x00",,
"Regress HLA","optical_field",2.63248524,0.00002148,"no lanes selected","CMIS",,,,"ApplyDPInit",
"Regress HLA","optical_field",2.632508,0.00002148,"no lanes selected","CMIS",,,,"ApplyImmediate",
"Regress HLA","optical_field",2.63253076,0.00002148,"AppSel=1, DataPathID=0, ExplicitControl=0","CMIS",,,,"Lane 1 DataPath Ctrl",
"Regress HLA","optical_field",2.63255352,0.00002148,"AppSel=1, DataPathID=0, ExplicitControl=0","CMIS",,,,"Lane 2 DataPath Ctrl",
"Regress HLA","optical_field",2.63257628,0.00002148,"AppSel=1, DataPathID=2, ExplicitControl=0","CMIS",,,,"Lane 3 DataPath Ctrl",
"Regress HLA","optical_field",2.63259904,0.00002148,"AppSel=1, DataPathID=2, ExplicitControl=0","CMIS",,,,"Lane 4 DataPath Ctrl",
"Regress HLA","optical_field",2.6326218,0.00002148,"AppSel=1, DataPathID=4, ExplicitControl=0","CMIS",,,,"Lane 5 DataPath Ctrl",
"Regress HLA","optical_field",2.63264456,0.00002148,"AppSel=1, DataPathID=4, ExplicitControl=0","CMIS",,,,"Lane 6 DataPath Ctrl",
"Regress HLA","optical_field",2.63266732,0.00002148,"AppSel=1, DataPathID=6, ExplicitControl=0","CMIS",,,,"Lane 7 DataPath Ctrl",
"Regress HLA","optical_field",2.63269008,0.00002176,"AppSel=1, DataPathID=6, ExplicitControl=0","CMIS",,,,"Lane 8 DataPath Ctrl",
"Regress HLA","optical_event",2.63271312,0.00002148,,"CMIS",,,"Read Reg[0x99] = 0xFF",,
"Regress HLA","optical_event",2.63273588,0.00002148,,"CMIS",,,"Read Reg[0x9A] = 0x00",,
"Regress HLA","optical_event",2.63275865,0.00002147,,"CMIS",,,"Read Reg[0x9B] = 0x00",,
"Regress HLA","optical_event",2.6327814,0.00002148,,"CMIS",,,"Read Reg[0x9C] = 0x00",,
"Regress HLA","optical_event",2.63280416,0.00002148,,"CMIS",,,"Read Reg[0x9D] = 0x00",,
"Regress HLA","optical_event",2.63282692,0.00002147,,"CMIS",,,"Read Reg[0x9E] = 0x00",,
"Regress HLA","optical_event",2.63284967,0.00002134,,"CMIS",,,"Read Reg[0x9F] = 0x00",,
"Regress HLA","optical_event",2.63409407,0.00002131,,"CMIS",,,"Set Reg Address -> 0x7F (127)",,
"Regress HLA","optical_event",2.63411666,0.00002112,,"CMIS",,,"Page Select -> Page 0x11",,
"Regress HLA","optical_event",2.64709372,0.00002154,,"CMIS",,,"Set Reg Address -> 0x86 (134)",,
"Regress HLA","optical_field",2.64714337,0.00002153,"0x00 (none)","CMIS",,,,"DP State Changed Flags",
"Regress HLA","optical_field",2.64716619,0.00002147,"0x00 (none)","CMIS",,,,"Tx Fault Flags",
"Regress HLA","optical_field",2.64718894,0.00002148,"0x00 (none)","CMIS",,,,"Tx LOS Flags",
"Regress HLA","optical_field",2.6472117,0.00002148,"0x00 (none)","CMIS",,,,"Tx CDRLOL Flags",
"Regress HLA","optical_field",2.64723447,0.00002147,"0x00 (none)","CMIS",,,,"Tx Adaptive EQ Fail Flags",
"Regress HLA","optical_field",2.64725722,0.00002148,"0x00 (none)","CMIS",,,,"Tx Power High Alarm Flags",
"Regress HLA","optical_field",2.64727998,0.00002148,"0x00 (none)","CMIS",,,,"Tx Power Low Alarm Flags",
"Regress HLA","optical_field",2.64730274,0.00002148,"0x00 (none)","CMIS",,,,"Tx Power High Warn Flags",
"Regress HLA","optical_field",2.6473255,0.00002148,"0x00 (none)","CMIS",,,,"Tx Power Low Warn Flags",
"Regress HLA","optical_field",2.64734826,0.00002148,"0x00 (none)","CMIS",,,,"Tx Bias High Alarm Flags",
"Regress HLA","optical_field",2.64737102,0.00002148,"0x00 (none)","CMIS",,,,"Tx Bias Low Alarm Flags",
"Regress HLA","optical_field",2.64739378,0.00002148,"0x00 (none)","CMIS",,,,"Tx Bias High Warn Flags",
"Regress HLA","optical_field",2.64741654,0.00002177,"0x00 (none)","CMIS",,,,"Tx Bias Low Warn Flags",
"Regress HLA","optical_field",2.64743959,0.00002148,"0xFF (1, 2, 3, 4, 5, 6, 7, 8)","CMIS",,,,"Rx LOS Flags",
"Regress HLA","optical_field",2.64746235,0.00002148,"0x00 (none)","CMIS",,,,"Rx LOL Flags",
"Regress HLA","optical_field",2.64748511,0.00002148,"0x00 (none)","CMIS",,,,"Rx Power High Alarm Flags",
"Regress HLA","optical_field",2.64750787,0.00002148,"0x00 (none)","CMIS",,,,"Rx Power Low Alarm Flags",
"Regress HLA","optical_field",2.64753063,0.00002148,"0x00 (none)","CMIS",,,,"Rx Power High Warn Flags",
"Regress HLA","optical_field",2.64755339,0.00002148,"0x00 (none)","CMIS",,,,"Rx Power Low Warn Flags",
"Regress HLA","optical_field",2.64757615,0.00002148,"0x00 (none)","CMIS",,,,"Rx Output Status Changed Flags",
"Regress HLA","optical_field",2.64762167,0.00002148,"-40.00 dBm (0.1 uW)","CMIS",,,,"OpticalPowerTx1",
"Regress HLA","optical_field",2.64766719,0.00002148,"-40.00 dBm (0.1 uW)","CMIS",,,,"OpticalPowerTx2",
"Regress HLA","optical_field",2.64771271,0.00002148,"-40.00 dBm (0.1 uW)","CMIS",,,,"OpticalPowerTx3",
"Regress HLA","optical_field",2.64775852,0.00002148,"-40.00 dBm (0.1 uW)","CMIS",,,,"OpticalPowerTx4",
"Regress HLA","optical_field",2.64780404,0.00002148,"-40.00 dBm (0.1 uW)","CMIS",,,,"OpticalPowerTx5",
"Regress HLA","optical_field",2.64784956,0.00002148,"-40.00 dBm (0.1 uW)","CMIS",,,,"OpticalPowerTx6",
"Regress HLA","optical_field",2.64789508,0.00002148,"-40.00 dBm (0.1 uW)","CMIS",,,,"OpticalPowerTx7",
"Regress HLA","optical_field",2.6479406,0.00002148,"-40.00 dBm (0.1 uW)","CMIS",,,,"OpticalPowerTx8",
"Regress HLA","optical_field",2.64798612,0.00002148,"0.00 mA (x1 assumed)","CMIS",,,,"LaserBiasTx1",
"Regress HLA","optical_field",2.64803164,0.00002148,"0.00 mA (x1 assumed)","CMIS",,,,"LaserBiasTx2",
"Regress HLA","optical_field",2.64807744,0.00002148,"0.00 mA (x1 assumed)","CMIS",,,,"LaserBiasTx3",
"Regress HLA","optical_field",2.64812296,0.00002148,"0.00 mA (x1 assumed)","CMIS",,,,"LaserBiasTx4",
"Regress HLA","optical_field",2.64816848,0.00002148,"0.00 mA (x1 assumed)","CMIS",,,,"LaserBiasTx5",
"Regress HLA","optical_field",2.648214,0.00002148,"0.00 mA (x1 assumed)","CMIS",,,,"LaserBiasTx6",
"Regress HLA","optical_field",2.64825952,0.00002147,"0.00 mA (x1 assumed)","CMIS",,,,"LaserBiasTx7",
"Regress HLA","optical_field",2.64830503,0.00002149,"0.00 mA (x1 assumed)","CMIS",,,,"LaserBiasTx8",
"Regress HLA","optical_field",2.64835056,0.00002148,"-40.00 dBm (0.1 uW)","CMIS",,,,"OpticalPowerRx1",
"Regress HLA","optical_field",2.64839637,0.00002148,"-40.00 dBm (0.1 uW)","CMIS",,,,"OpticalPowerRx2",
"Regress HLA","optical_field",2.64844189,0.00002148,"-40.00 dBm (0.1 uW)","CMIS",,,,"OpticalPowerRx3",
"Regress HLA","optical_field",2.64848741,0.00002148,"-40.00 dBm (0.1 uW)","CMIS",,,,"OpticalPowerRx4",
"Regress HLA","optical_field",2.64853293,0.00002147,"-40.00 dBm (0.1 uW)","CMIS",,,,"OpticalPowerRx5",
"Regress HLA","optical_field",2.64857845,0.00002147,"-40.00 dBm (0.1 uW)","CMIS",,,,"OpticalPowerRx6",
"Regress HLA","optical_field",2.64862396,0.00002148,"-40.00 dBm (0.1 uW)","CMIS",,,,"OpticalPowerRx7",
"Regress HLA","optical_field",2.64866947,0.00002135,"-40.00 dBm (0.1 uW)","CMIS",,,,"OpticalPowerRx8",
"Regress HLA","optical_event",3.10109525,0.00002115,,"CMIS",,,"Set Reg Address -> 0x03 (3)",,
"Regress HLA","optical_field",3.10114451,0.00002153,"PwrUp (Powering Up)","CMIS",,,,"Module State",
"Regress HLA","optical_field",3.10116732,0.00002187,"Page11h","CMIS",,,,"Flags Summary (bank 0)",
"Regress HLA","optical_field",3.10119047,0.00002148,"Page11h","CMIS",,,,"Flags Summary (bank 1)",
"Regress HLA","optical_field",3.10121323,0.00002148,"OK (Normal)","CMIS",,,,"Flags Summary (bank 2)",
"Regress HLA","optical_field",3.10123599,0.00002147,"OK (Normal)","CMIS",,,,"Flags Summary (bank 3)",
"Regress HLA","optical_field",3.10125874,0.00002148,"OK (Normal)","CMIS",,,,"Module Flags",
"Regress HLA","optical_field",3.10128151,0.00002147,"VccHighWarn","CMIS",,,,"Global Flags",
"Regress HLA","optical_field",3.10130427,0.00002147,"OK (Normal)","CMIS",,,,"Aux 1/2 Flags",
"Regress HLA","optical_field",3.10132702,0.00002148,"OK (Normal)","CMIS",,,,"Aux 3 / Custom Flags",
"Regress HLA","optical_event",3.10134979,0.00002147,,"CMIS",,,"Read Reg[0x0C] = 0x00",,
"Regress HLA","optical_event",3.10137254,0.00002148,,"CMIS",,,"Read Reg[0x0D] = 0x00",,
"Regress HLA","optical_field",3.10141807,0.00002147,"39.64 °C","CMIS",,,,"Module Temperature",
"Regress HLA","optical_field",3.10146359,0.00002147,"3.591 V","CMIS",,,,"Supply Voltage Vcc",
"Regress HLA","optical_field",3.1015094,0.00002147,"0 (raw) [assumed custom]","CMIS",,,,"Aux1MonValue",
"Regress HLA","optical_field",3.10155491,0.00002148,"0.00 °C [assumed laser_temperature]","CMIS",,,,"Aux2MonValue",
"Regress HLA","optical_field",3.10160043,0.00002148,"0.00 °C [assumed laser_temperature]","CMIS",,,,"Aux3MonValue",
"Regress HLA","optical_field",3.10164595,0.00002147,"0 (raw)","CMIS",,,,"CustomMonValue",
"Regress HLA","optical_field",3.1016687,0.00002135,"LowPwrAllowRequestHW","CMIS",,,,"Module Control",
"Regress HLA","optical_event",3.10309544,0.0000213,,"CMIS",,,"Set Reg Address -> 0x7F (127)",,
"Regress HLA","optical_event",3.10311802,0.00002113,,"CMIS",,,"Page Select -> Page 0x02",,
"Regress HLA","optical_event",3.11709508,0.00002115,,"CMIS",,,"Set Reg Address -> 0x80 (128)",,
"Regress HLA","optical_field",3.11716715,0.00002187,"75.00 °C","CMIS",,,,"TempMonHighAlarmThreshold",
"Regress HLA","optical_field",3.11721306,0.00002148,"-5.00 °C","CMIS",,,,"TempMonLowAlarmThreshold",
"Regress HLA","optical_field",3.11725858,0.00002148,"70.00 °C","CMIS",,,,"TempMonHighWarningThreshold",
"Regress HLA","optical_field",3.1173041,0.00002147,"0.00 °C","CMIS",,,,"TempMonLowWarningThreshold",
"Regress HLA","optical_field",3.11734962,0.00002148,"3.630 V","CMIS",,,,"VccMonHighAlarmThreshold",
"Regress HLA","optical_field",3.11739514,0.00002147,"2.970 V","CMIS",,,,"VccMonLowAlarmThreshold",
"Regress HLA","optical_field",3.11744066,0.00002147,"3.465 V","CMIS",,,,"VccMonHighWarningThreshold",
"Regress HLA","optical_field",3.11748618,0.00002177,"3.135 V","CMIS",,,,"VccMonLowWarningThreshold",
"Regress HLA","optical_field",3.11753198,0.00002148,"0 (raw) [assumed custom]","CMIS",,,,"Aux1MonHighAlarmThreshold",
"Regress HLA","optical_field",3.1175775,0.00002148,"0 (raw) [assumed custom]","CMIS",,,,"Aux1MonLowAlarmThreshold",
"Regress HLA","optical_field",3.11762303,0.00002147,"0 (raw) [assumed custom]","CMIS",,,,"Aux1MonHighWarningThreshold",
"Regress HLA","optical_field",3.11766854,0.00002148,"0 (raw) [assumed custom]","CMIS",,,,"Aux1MonLowWarningThreshold",
"Regress HLA","optical_field",3.11771406,0.00002148,"0.00 °C [assumed laser_temperature]","CMIS",,,,"Aux2MonHighAlarmThreshold",
"Regress HLA","optical_field",3.11775958,0.00002148,"0.00 °C [assumed laser_temperature]","CMIS",,,,"Aux2MonLowAlarmThreshold",
"Regress HLA","optical_field",3.11780511,0.00002176,"0.00 °C [assumed laser_temperature]","CMIS",,,,"Aux2MonHighWarningThreshold",
"Regress HLA","optical_field",3.11785091,0.00002148,"0.00 °C [assumed laser_temperature]","CMIS",,,,"Aux2MonLowWarningThreshold",
"Regress HLA","optical_field",3.11789643,0.00002148,"0.00 °C [assumed laser_temperature]","CMIS",,,,"Aux3MonHighAlarmThreshold",
"Regress HLA","optical_field",3.11794195,0.00002148,"0.00 °C [assumed laser_temperature]","CMIS",,,,"Aux3MonLowAlarmThreshold",
"Regress HLA","optical_field",3.11798747,0.00002148,"0.00 °C [assumed laser_temperature]","CMIS",,,,"Aux3MonHighWarningThreshold",
"Regress HLA","optical_field",3.11803299,0.00002148,"0.00 °C [assumed laser_temperature]","CMIS",,,,"Aux3MonLowWarningThreshold",
"Regress HLA","optical_field",3.11807851,0.00002148,"0 (raw)","CMIS",,,,"CustomMonHighAlarmThreshold",
"Regress HLA","optical_field",3.11812403,0.00002177,"0 (raw)","CMIS",,,,"CustomMonLowAlarmThreshold",
"Regress HLA","optical_field",3.11816984,0.00002148,"0 (raw)","CMIS",,,,"CustomMonHighWarningThreshold",
"Regress HLA","optical_field",3.11821536,0.00002148,"0 (raw)","CMIS",,,,"CustomMonLowWarningThreshold",
"Regress HLA","optical_field",3.11826088,0.00002148,"6.80 dBm (4786.3 uW)","CMIS",,,,"OpticalPowerTxHighAlarmThreshold",
"Regress HLA","optical_field",3.1183064,0.00002148,"-3.90 dBm (407.4 uW)","CMIS",,,,"OpticalPowerTxLowAlarmThreshold",
"Regress HLA","optical_field",3.11835192,0.00002148,"4.80 dBm (3020.0 uW)","CMIS",,,,"OpticalPowerTxHighWarningThreshold",
"Regress HLA","optical_field",3.11839744,0.00002148,"-1.90 dBm (645.7 uW)","CMIS",,,,"OpticalPowerTxLowWarningThreshold",
"Regress HLA","optical_field",3.11844296,0.00002177,"100.00 mA (x1 assumed)","CMIS",,,,"LaserBiasHighAlarmThreshold",
"Regress HLA","optical_field",3.11848877,0.00002148,"10.00 mA (x1 assumed)","CMIS",,,,"LaserBiasLowAlarmThreshold",
"Regress HLA","optical_field",3.11853429,0.00002148,"95.00 mA (x1 assumed)","CMIS",,,,"LaserBiasHighWarningThreshold",
"Regress HLA","optical_field",3.11857981,0.00002148,"15.00 mA (x1 assumed)","CMIS",,,,"LaserBiasLowWarningThreshold",
"Regress HLA","optical_field",3.11862533,0.00002148,"6.30 dBm (4265.8 uW)","CMIS",,,,"OpticalPowerRxHighAlarmThreshold",
"Regress HLA","optical_field",3.11867084,0.00002149,"-11.20 dBm (75.9 uW)","CMIS",,,,"OpticalPowerRxLowAlarmThreshold",
"Regress HLA","optical_field",3.11871637,0.00002148,"5.80 dBm (3801.9 uW)","CMIS",,,,"OpticalPowerRxHighWarningThreshold",
"Regress HLA","optical_field",3.11876188,0.00002164,"-10.20 dBm (95.5 uW)","CMIS",,,,"OpticalPowerRxLowWarningThreshold",
"Regress HLA","optical_compliance",3.1187862,0.00000001,,"CMIS","warning","THRESHOLD_UNINITIALIZED",,,"[THRESHOLD_UNINITIALIZED] TempMonLowWarningThreshold is 0 - threshold not programmed"
"Regress HLA","optical_event",3.12209505,0.0000213,,"CMIS",,,"Set Reg Address -> 0x7F (127)",,
"Regress HLA","optical_event",3.12211763,0.00002112,,"CMIS",,,"Page Select -> Page 0x10",,
"Regress HLA","optical_event",3.13209522,0.00002115,,"CMIS",,,"Set Reg Address -> 0x80 (128)",,
"Regress HLA","optical_field",3.13214448,0.00002153,"0x00 (initialize all lanes)","CMIS",,,,"DP Deinit Lanes",
"Regress HLA","optical_event",3.13216729,0.00002149,,"CMIS",,,"Read Reg[0x81] = 0x00",,
"Regress HLA","optical_event",3.13219006,0.00002147,,"CMIS",,,"Read Reg[0x82] = 0x00",,
"Regress HLA","optical_event",3.13221282,0.00002187,,"CMIS",,,"Read Reg[0x83] = 0x00",,
"Regress HLA","optical_event",3.13223597,0.00002148,,"CMIS",,,"Read Reg[0x84] = 0x00",,
"Regress HLA","optical_event",3.13225873,0.00002148,,"CMIS",,,"Read Reg[0x85] = 0x00",,
"Regress HLA","optical_event",3.13228149,0.00002148,,"CMIS",,,"Read Reg[0x86] = 0x00",,
"Regress HLA","optical_event",3.13230425,0.00002148,,"CMIS",,,"Read Reg[0x87] = 0x00",,
"Regress HLA","optical_event",3.13232701,0.00002148,,"CMIS",,,"Read Reg[0x88] = 0x00",,
"Regress HLA","optical_event",3.13234977,0.00002148,,"CMIS",,,"Read Reg[0x89] = 0x00",,
"Regress HLA","optical_event",3.13237253,0.00002148,,"CMIS",,,"Read Reg[0x8A] = 0x00",,
"Regress HLA","optical_event",3.13239529,0.00002148,,"CMIS",,,"Read Reg[0x8B] = 0x00",,
"Regress HLA","optical_event",3.13241805,0.00002148,,"CMIS",,,"Read Reg[0x8C] = 0x00",,
"Regress HLA","optical_event",3.13244081,0.00002148,,"CMIS",,,"Read Reg[0x8D] = 0x00",,
"Regress HLA","optical_event",3.13246357,0.00002148,,"CMIS",,,"Read Reg[0x8E] = 0x00",,
"Regress HLA","optical_field",3.13248633,0.00002148,"no lanes selected","CMIS",,,,"ApplyDPInit",
"Regress HLA","optical_field",3.13250909,0.00002148,"no lanes selected","CMIS",,,,"ApplyImmediate",
"Regress HLA","optical_field",3.13253185,0.00002177,"AppSel=1, DataPathID=0, ExplicitControl=0","CMIS",,,,"Lane 1 DataPath Ctrl",
"Regress HLA","optical_field",3.1325549,0.00002148,"AppSel=1, DataPathID=0, ExplicitControl=0","CMIS",,,,"Lane 2 DataPath Ctrl",
"Regress HLA","optical_field",3.13257766,0.00002148,"AppSel=1, DataPathID=2, ExplicitControl=0","CMIS",,,,"Lane 3 DataPath Ctrl",
"Regress HLA","optical_field",3.13260042,0.00002148,"AppSel=1, DataPathID=2, ExplicitControl=0","CMIS",,,,"Lane 4 DataPath Ctrl",
"Regress HLA","optical_field",3.13262318,0.00002148,"AppSel=1, DataPathID=4, ExplicitControl=0","CMIS",,,,"Lane 5 DataPath Ctrl",
"Regress HLA","optical_field",3.13264594,0.00002147,"AppSel=1, DataPathID=4, ExplicitControl=0","CMIS",,,,"Lane 6 DataPath Ctrl",
"Regress HLA","optical_field",3.13266869,0.00002149,"AppSel=1, DataPathID=6, ExplicitControl=0","CMIS",,,,"Lane 7 DataPath Ctrl",
"Regress HLA","optical_field",3.13269146,0.00002148,"AppSel=1, DataPathID=6, ExplicitControl=0","CMIS",,,,"Lane 8 DataPath Ctrl",
"Regress HLA","optical_event",3.13271422,0.00002148,,"CMIS",,,"Read Reg[0x99] = 0xFF",,
"Regress HLA","optical_event",3.13273698,0.00002148,,"CMIS",,,"Read Reg[0x9A] = 0x00",,
"Regress HLA","optical_event",3.13275974,0.00002148,,"CMIS",,,"Read Reg[0x9B] = 0x00",,
"Regress HLA","optical_event",3.1327825,0.00002148,,"CMIS",,,"Read Reg[0x9C] = 0x00",,
"Regress HLA","optical_event",3.13280525,0.00002148,,"CMIS",,,"Read Reg[0x9D] = 0x00",,
"Regress HLA","optical_event",3.13282802,0.00002146,,"CMIS",,,"Read Reg[0x9E] = 0x00",,
"Regress HLA","optical_event",3.13285077,0.00002163,,"CMIS",,,"Read Reg[0x9F] = 0x00",,
"Regress HLA","optical_event",3.13409553,0.0000213,,"CMIS",,,"Set Reg Address -> 0x7F (127)",,
"Regress HLA","optical_event",3.13411811,0.00002152,,"CMIS",,,"Page Select -> Page 0x11",,
"Regress HLA","optical_event",3.14809555,0.00002114,,"CMIS",,,"Set Reg Address -> 0x86 (134)",,
"Regress HLA","optical_field",3.14814481,0.00002153,"0x00 (none)","CMIS",,,,"DP State Changed Flags",
"Regress HLA","optical_field",3.14816762,0.00002148,"0x00 (none)","CMIS",,,,"Tx Fault Flags",
"Regress HLA","optical_field",3.14819038,0.00002148,"0x00 (none)","CMIS",,,,"Tx LOS Flags",
"Regress HLA","optical_field",3.14821314,0.00002186,"0x00 (none)","CMIS",,,,"Tx CDRLOL Flags",
"Regress HLA","optical_field",3.14823628,0.00002148,"0x00 (none)","CMIS",,,,"Tx Adaptive EQ Fail Flags",
"Regress HLA","optical_field",3.14825904,0.00002148,"0x00 (none)","CMIS",,,,"Tx Power High Alarm Flags",
"Regress HLA","optical_field",3.1482818,0.00002148,"0x00 (none)","CMIS",,,,"Tx Power Low Alarm Flags",
"Regress HLA","optical_field",3.14830456,0.00002148,"0x00 (none)","CMIS",,,,"Tx Power High Warn Flags",
"Regress HLA","optical_field",3.14832732,0.00002148,"0x00 (none)","CMIS",,,,"Tx Power Low Warn Flags",
"Regress HLA","optical_field",3.14835008,0.00002148,"0x00 (none)","CMIS",,,,"Tx Bias High Alarm Flags",
"Regress HLA","optical_field",3.14837284,0.00002148,"0x00 (none)","CMIS",,,,"Tx Bias Low Alarm Flags",
"Regress HLA","optical_field",3.1483956,0.00002148,"0x00 (none)","CMIS",,,,"Tx Bias High Warn Flags",
"Regress HLA","optical_field",3.14841836,0.00002148,"0x00 (none)","CMIS",,,,"Tx Bias Low Warn Flags",
"Regress HLA","optical_field",3.14844112,0.00002148,"0xFF (1, 2, 3, 4, 5, 6, 7, 8)","CMIS",,,,"Rx LOS Flags",
"Regress HLA","optical_field",3.14846388,0.00002148,"0x00 (none)","CMIS",,,,"Rx LOL Flags",
"Regress HLA","optical_field",3.14848664,0.00002148,"0x00 (none)","CMIS",,,,"Rx Power High Alarm Flags",
"Regress HLA","optical_field",3.1485094,0.00002148,"0x00 (none)","CMIS",,,,"Rx Power Low Alarm Flags",
"Regress HLA","optical_field",3.14853216,0.00002177,"0x00 (none)","CMIS",,,,"Rx Power High Warn Flags",
"Regress HLA","optical_field",3.14855521,0.00002148,"0x00 (none)","CMIS",,,,"Rx Power Low Warn Flags",
"Regress HLA","optical_field",3.14857797,0.00002148,"0x00 (none)","CMIS",,,,"Rx Output Status Changed Flags",
"Regress HLA","optical_field",3.14862349,0.00002148,"-40.00 dBm (0.1 uW)","CMIS",,,,"OpticalPowerTx1",
"Regress HLA","optical_field",3.14866901,0.00002148,"-40.00 dBm (0.1 uW)","CMIS",,,,"OpticalPowerTx2",
"Regress HLA","optical_field",3.14871453,0.00002148,"-40.00 dBm (0.1 uW)","CMIS",,,,"OpticalPowerTx3",
"Regress HLA","optical_field",3.14876005,0.00002148,"-40.00 dBm (0.1 uW)","CMIS",,,,"OpticalPowerTx4",
"Regress HLA","optical_field",3.14880557,0.00002148,"-40.00 dBm (0.1 uW)","CMIS",,,,"OpticalPowerTx5",
"Regress HLA","optical_field",3.14885108,0.00002178,"-40.00 dBm (0.1 uW)","CMIS",,,,"OpticalPowerTx6",
"Regress HLA","optical_field",3.1488969,0.00002148,"-40.00 dBm (0.1 uW)","CMIS",,,,"OpticalPowerTx7",
"Regress HLA","optical_field",3.14894241,0.00002148,"-40.00 dBm (0.1 uW)","CMIS",,,,"OpticalPowerTx8",
"Regress HLA","optical_field",3.14898794,0.00002148,"0.00 mA (x1 assumed)","CMIS",,,,"LaserBiasTx1",
"Regress HLA","optical_field",3.14903346,0.00002147,"0.00 mA (x1 assumed)","CMIS",,,,"LaserBiasTx2",
"Regress HLA","optical_field",3.14907897,0.00002148,"0.00 mA (x1 assumed)","CMIS",,,,"LaserBiasTx3",
"Regress HLA","optical_field",3.1491245,0.00002147,"0.00 mA (x1 assumed)","CMIS",,,,"LaserBiasTx4",
"Regress HLA","optical_field",3.14917002,0.00002176,"0.00 mA (x1 assumed)","CMIS",,,,"LaserBiasTx5",
"Regress HLA","optical_field",3.14921583,0.00002147,"0.00 mA (x1 assumed)","CMIS",,,,"LaserBiasTx6",
"Regress HLA","optical_field",3.14926134,0.00002148,"0.00 mA (x1 assumed)","CMIS",,,,"LaserBiasTx7",
"Regress HLA","optical_field",3.14930686,0.00002148,"0.00 mA (x1 assumed)","CMIS",,,,"LaserBiasTx8",
"Regress HLA","optical_field",3.14935239,0.00002147,"-40.00 dBm (0.1 uW)","CMIS",,,,"OpticalPowerRx1",
"Regress HLA","optical_field",3.1493979,0.00002148,"-40.00 dBm (0.1 uW)","CMIS",,,,"OpticalPowerRx2",
"Regress HLA","optical_field",3.14944342,0.00002148,"-40.00 dBm (0.1 uW)","CMIS",,,,"OpticalPowerRx3",
"Regress HLA","optical_field",3.14948894,0.00002177,"-40.00 dBm (0.1 uW)","CMIS",,,,"OpticalPowerRx4",
"Regress HLA","optical_field",3.14953475,0.00002148,"-40.00 dBm (0.1 uW)","CMIS",,,,"OpticalPowerRx5",
"Regress HLA","optical_field",3.14958028,0.00002147,"-40.00 dBm (0.1 uW)","CMIS",,,,"OpticalPowerRx6",
"Regress HLA","optical_field",3.14962579,0.00002148,"-40.00 dBm (0.1 uW)","CMIS",,,,"OpticalPowerRx7",
"Regress HLA","optical_field",3.1496713,0.00002135,"-40.00 dBm (0.1 uW)","CMIS",,,,"OpticalPowerRx8",
"Regress HLA","optical_event",3.59909677,0.00002115,,"CMIS",,,"Set Reg Address -> 0x03 (3)",,
"Regress HLA","optical_field",3.59914603,0.00002153,"PwrUp (Powering Up)","CMIS",,,,"Module State",
"Regress HLA","optical_field",3.59916885,0.00002147,"Page11h","CMIS",,,,"Flags Summary (bank 0)",
"Regress HLA","optical_field",3.5991916,0.00002148,"Page11h","CMIS",,,,"Flags Summary (bank 1)",
"Regress HLA","optical_field",3.59921436,0.00002148,"OK (Normal)","CMIS",,,,"Flags Summary (bank 2)",
"Regress HLA","optical_field",3.59923712,0.00002148,"OK (Normal)","CMIS",,,,"Flags Summary (bank 3)",
"Regress HLA","optical_field",3.59925988,0.00002148,"OK (Normal)","CMIS",,,,"Module Flags",
"Regress HLA","optical_field",3.59928264,0.00002148,"VccHighWarn","CMIS",,,,"Global Flags",
"Regress HLA","optical_field",3.5993054,0.00002148,"OK (Normal)","CMIS",,,,"Aux 1/2 Flags",
"Regress HLA","optical_field",3.59932816,0.00002148,"OK (Normal)","CMIS",,,,"Aux 3 / Custom Flags",
"Regress HLA","optical_event",3.59935092,0.00002148,,"CMIS",,,"Read Reg[0x0C] = 0x00",,
"Regress HLA","optical_event",3.59937368,0.00002148,,"CMIS",,,"Read Reg[0x0D] = 0x00",,
"Regress HLA","optical_field",3.59941949,0.00002148,"39.64 °C","CMIS",,,,"Module Temperature",
"Regress HLA","optical_field",3.59946501,0.00002148,"3.591 V","CMIS",,,,"Supply Voltage Vcc",
"Regress HLA","optical_field",3.59951053,0.00002148,"0 (raw) [assumed custom]","CMIS",,,,"Aux1MonValue",
"Regress HLA","optical_field",3.59955605,0.00002148,"0.00 °C [assumed laser_temperature]","CMIS",,,,"Aux2MonValue",
"Regress HLA","optical_field",3.59960157,0.00002148,"0.00 °C [assumed laser_temperature]","CMIS",,,,"Aux3MonValue",
"Regress HLA","optical_field",3.59964709,0.00002147,"0 (raw)","CMIS",,,,"CustomMonValue",
"Regress HLA","optical_field",3.59966984,0.00002134,"LowPwrAllowRequestHW","CMIS",,,,"Module Control",
"Regress HLA","optical_event",3.60109645,0.0000213,,"CMIS",,,"Set Reg Address -> 0x7F (127)",,
"Regress HLA","optical_event",3.60111903,0.00002113,,"CMIS",,,"Page Select -> Page 0x02",,
"Regress HLA","optical_event",3.61509696,0.00002114,,"CMIS",,,"Set Reg Address -> 0x80 (128)",,
"Regress HLA","optical_field",3.61516903,0.00002148,"75.00 °C","CMIS",,,,"TempMonHighAlarmThreshold",
"Regress HLA","optical_field",3.61521455,0.00002148,"-5.00 °C","CMIS",,,,"TempMonLowAlarmThreshold",
"Regress HLA","optical_field",3.61526007,0.00002148,"70.00 °C","CMIS",,,,"TempMonHighWarningThreshold",
"Regress HLA","optical_field",3.61530559,0.00002148,"0.00 °C","CMIS",,,,"TempMonLowWarningThreshold",
"Regress HLA","optical_field",3.61535111,0.00002148,"3.630 V","CMIS",,,,"VccMonHighAlarmThreshold",
"Regress HLA","optical_field",3.61539663,0.00002177,"2.970 V","CMIS",,,,"VccMonLowAlarmThreshold",
"Regress HLA","optical_field",3.61544244,0.00002148,"3.465 V","CMIS",,,,"VccMonHighWarningThreshold",
"Regress HLA","optical_field",3.61548796,0.00002148,"3.135 V","CMIS",,,,"VccMonLowWarningThreshold",
"Regress HLA","optical_field",3.61553348,0.00002148,"0 (raw) [assumed custom]","CMIS",,,,"Aux1MonHighAlarmThreshold",
"Regress HLA","optical_field",3.615579,0.00002148,"0 (raw) [assumed custom]","CMIS",,,,"Aux1MonLowAlarmThreshold",
"Regress HLA","optical_field",3.61562452,0.00002148,"0 (raw) [assumed custom]","CMIS",,,,"Aux1MonHighWarningThreshold",
"Regress HLA","optical_field",3.61567004,0.00002147,"0 (raw) [assumed custom]","CMIS",,,,"Aux1MonLowWarningThreshold",
"Regress HLA","optical_field",3.61571555,0.00002176,"0.00 °C [assumed laser_temperature]","CMIS",,,,"Aux2MonHighAlarmThreshold",
"Regress HLA","optical_field",3.61576136,0.00002148,"0.00 °C [assumed laser_temperature]","CMIS",,,,"Aux2MonLowAlarmThreshold",
"Regress HLA","optical_field",3.61580688,0.00002147,"0.00 °C [assumed laser_temperature]","CMIS",,,,"Aux2MonHighWarningThreshold",
"Regress HLA","optical_field",3.61585239,0.00002148,"0.00 °C [assumed laser_temperature]","CMIS",,,,"Aux2MonLowWarningThreshold",
"Regress HLA","optical_field",3.61589791,0.00002148,"0.00 °C [assumed laser_temperature]","CMIS",,,,"Aux3MonHighAlarmThreshold",
"Regress HLA","optical_field",3.61594343,0.00002148,"0.00 °C [assumed laser_temperature]","CMIS",,,,"Aux3MonLowAlarmThreshold",
"Regress HLA","optical_field",3.61598895,0.00002148,"0.00 °C [assumed laser_temperature]","CMIS",,,,"Aux3MonHighWarningThreshold",
"Regress HLA","optical_field",3.61603447,0.00002176,"0.00 °C [assumed laser_temperature]","CMIS",,,,"Aux3MonLowWarningThreshold",
"Regress HLA","optical_field",3.61608028,0.00002147,"0 (raw)","CMIS",,,,"CustomMonHighAlarmThreshold",
"Regress HLA","optical_field",3.61612579,0.00002148,"0 (raw)","CMIS",,,,"CustomMonLowAlarmThreshold",
"Regress HLA","optical_field",3.61617131,0.00002148,"0 (raw)","CMIS",,,,"CustomMonHighWarningThreshold",
"Regress HLA","optical_field",3.61621683,0.00002148,"0 (raw)","CMIS",,,,"CustomMonLowWarningThreshold",
"Regress HLA","optical_field",3.61626235,0.00002148,"6.80 dBm (4786.3 uW)","CMIS",,,,"OpticalPowerTxHighAlarmThreshold",
"Regress HLA","optical_field",3.61630787,0.00002148,"-3.90 dBm (407.4 uW)","CMIS",,,,"OpticalPowerTxLowAlarmThreshold",
"Regress HLA","optical_field",3.61635339,0.00002177,"4.80 dBm (3020.0 uW)","CMIS",,,,"OpticalPowerTxHighWarningThreshold",
"Regress HLA","optical_field",3.6163992,0.00002148,"-1.90 dBm (645.7 uW)","CMIS",,,,"OpticalPowerTxLowWarningThreshold",
"Regress HLA","optical_field",3.61644472,0.00002148,"100.00 mA (x1 assumed)","CMIS",,,,"LaserBiasHighAlarmThreshold",
"Regress HLA","optical_field",3.61649024,0.00002148,"10.00 mA (x1 assumed)","CMIS",,,,"LaserBiasLowAlarmThreshold",
"Regress HLA","optical_field",3.61653576,0.00002148,"95.00 mA (x1 assumed)","CMIS",,,,"LaserBiasHighWarningThreshold",
"Regress HLA","optical_field",3.61658128,0.00002148,"15.00 mA (x1 assumed)","CMIS",,,,"LaserBiasLowWarningThreshold",
"Regress HLA","optical_field",3.6166268,0.00002148,"6.30 dBm (4265.8 uW)","CMIS",,,,"OpticalPowerRxHighAlarmThreshold",
"Regress HLA","optical_field",3.61667232,0.00002177,"-11.20 dBm (75.9 uW)","CMIS",,,,"OpticalPowerRxLowAlarmThreshold",
"Regress HLA","optical_field",3.61671813,0.00002148,"5.80 dBm (3801.9 uW)","CMIS",,,,"OpticalPowerRxHighWarningThreshold",
"Regress HLA","optical_field",3.61676364,0.00002134,"-10.20 dBm (95.5 uW)","CMIS",,,,"OpticalPowerRxLowWarningThreshold",
"Regress HLA","optical_compliance",3.61678766,0.00000001,,"CMIS","warning","THRESHOLD_UNINITIALIZED",,,"[THRESHOLD_UNINITIALIZED] TempMonLowWarningThreshold is 0 - threshold not programmed"
"Regress HLA","optical_event",3.62009647,0.0000213,,"CMIS",,,"Set Reg Address -> 0x7F (127)",,
"Regress HLA","optical_event",3.62011905,0.00002112,,"CMIS",,,"Page Select -> Page 0x10",,
"Regress HLA","optical_event",3.63009667,0.00002115,,"CMIS",,,"Set Reg Address -> 0x80 (128)",,
"Regress HLA","optical_field",3.63014633,0.00002153,"0x00 (initialize all lanes)","CMIS",,,,"DP Deinit Lanes",
"Regress HLA","optical_event",3.63016914,0.00002148,,"CMIS",,,"Read Reg[0x81] = 0x00",,
"Regress HLA","optical_event",3.6301919,0.00002148,,"CMIS",,,"Read Reg[0x82] = 0x00",,
"Regress HLA","optical_event",3.63021466,0.00002148,,"CMIS",,,"Read Reg[0x83] = 0x00",,
"Regress HLA","optical_event",3.63023742,0.00002148,,"CMIS",,,"Read Reg[0x84] = 0x00",,
"Regress HLA","optical_event",3.63026018,0.00002148,,"CMIS",,,"Read Reg[0x85] = 0x00",,
"Regress HLA","optical_event",3.63028294,0.00002148,,"CMIS",,,"Read Reg[0x86] = 0x00",,
"Regress HLA","optical_event",3.6303057,0.00002148,,"CMIS",,,"Read Reg[0x87] = 0x00",,
"Regress HLA","optical_event",3.63032846,0.00002148,,"CMIS",,,"Read Reg[0x88] = 0x00",,
"Regress HLA","optical_event",3.63035122,0.00002148,,"CMIS",,,"Read Reg[0x89] = 0x00",,
"Regress HLA","optical_event",3.63037398,0.00002148,,"CMIS",,,"Read Reg[0x8A] = 0x00",,
"Regress HLA","optical_event",3.63039674,0.00002148,,"CMIS",,,"Read Reg[0x8B] = 0x00",,
"Regress HLA","optical_event",3.6304195,0.00002177,,"CMIS",,,"Read Reg[0x8C] = 0x00",,
"Regress HLA","optical_event",3.63044255,0.00002148,,"CMIS",,,"Read Reg[0x8D] = 0x00",,
"Regress HLA","optical_event",3.63046531,0.00002148,,"CMIS",,,"Read Reg[0x8E] = 0x00",,
"Regress HLA","optical_field",3.63048807,0.00002148,"no lanes selected","CMIS",,,,"ApplyDPInit",
"Regress HLA","optical_field",3.63051083,0.00002148,"no lanes selected","CMIS",,,,"ApplyImmediate",
"Regress HLA","optical_field",3.63053359,0.00002148,"AppSel=1, DataPathID=0, ExplicitControl=0","CMIS",,,,"Lane 1 DataPath Ctrl",
"Regress HLA","optical_field",3.63055635,0.00002148,"AppSel=1, DataPathID=0, ExplicitControl=0","CMIS",,,,"Lane 2 DataPath Ctrl",
"Regress HLA","optical_field",3.63057911,0.00002148,"AppSel=1, DataPathID=2, ExplicitControl=0","CMIS",,,,"Lane 3 DataPath Ctrl",
"Regress HLA","optical_field",3.63060187,0.00002148,"AppSel=1, DataPathID=2, ExplicitControl=0","CMIS",,,,"Lane 4 DataPath Ctrl",
"Regress HLA","optical_field",3.63062463,0.00002148,"AppSel=1, DataPathID=4, ExplicitControl=0","CMIS",,,,"Lane 5 DataPath Ctrl",
"Regress HLA","optical_field",3.63064739,0.00002148,"AppSel=1, DataPathID=4, ExplicitControl=0","CMIS",,,,"Lane 6 DataPath Ctrl",
"Regress HLA","optical_field",3.63067015,0.00002148,"AppSel=1, DataPathID=6, ExplicitControl=0","CMIS",,,,"Lane 7 DataPath Ctrl",
"Regress HLA","optical_field",3.63069291,0.00002147,"AppSel=1, DataPathID=6, ExplicitControl=0","CMIS",,,,"Lane 8 DataPath Ctrl",
"Regress HLA","optical_event",3.63071567,0.00002148,,"CMIS",,,"Read Reg[0x99] = 0xFF",,
"Regress HLA","optical_event",3.63073843,0.00002177,,"CMIS",,,"Read Reg[0x9A] = 0x00",,
"Regress HLA","optical_event",3.63076148,0.00002148,,"CMIS",,,"Read Reg[0x9B] = 0x00",,
"Regress HLA","optical_event",3.63078424,0.00002148,,"CMIS",,,"Read Reg[0x9C] = 0x00",,
"Regress HLA","optical_event",3.630807,0.00002148,,"CMIS",,,"Read Reg[0x9D] = 0x00",,
"Regress HLA","optical_event",3.63082976,0.00002146,,"CMIS",,,"Read Reg[0x9E] = 0x00",,
"Regress HLA","optical_event",3.6308525,0.00002135,,"CMIS",,,"Read Reg[0x9F] = 0x00",,
"Regress HLA","optical_event",3.63209669,0.0000213,,"CMIS",,,"Set Reg Address -> 0x7F (127)",,
"Regress HLA","optical_event",3.63211927,0.00002113,,"CMIS",,,"Page Select -> Page 0x11",,
"Regress HLA","optical_event",3.64509699,0.00002115,,"CMIS",,,"Set Reg Address -> 0x86 (134)",,
"Regress HLA","optical_field",3.64514625,0.00002193,"0x00 (none)","CMIS",,,,"DP State Changed Flags",
"Regress HLA","optical_field",3.64516946,0.00002148,"0x00 (none)","CMIS",,,,"Tx Fault Flags",
"Regress HLA","optical_field",3.64519222,0.00002148,"0x00 (none)","CMIS",,,,"Tx LOS Flags",
"Regress HLA","optical_field",3.64521498,0.00002148,"0x00 (none)","CMIS",,,,"Tx CDRLOL Flags",
"Regress HLA","optical_field",3.64523774,0.00002148,"0x00 (none)","CMIS",,,,"Tx Adaptive EQ Fail Flags",
"Regress HLA","optical_field",3.6452605,0.00002148,"0x00 (none)","CMIS",,,,"Tx Power High Alarm Flags",
"Regress HLA","optical_field",3.64528326,0.00002148,"0x00 (none)","CMIS",,,,"Tx Power Low Alarm Flags",
"Regress HLA","optical_field",3.64530602,0.00002148,"0x00 (none)","CMIS",,,,"Tx Power High Warn Flags",
"Regress HLA","optical_field",3.64532878,0.00002148,"0x00 (none)","CMIS",,,,"Tx Power Low Warn Flags",
"Regress HLA","optical_field",3.64535154,0.00002148,"0x00 (none)","CMIS",,,,"Tx Bias High Alarm Flags",
"Regress HLA","optical_field",3.6453743,0.00002148,"0x00 (none)","CMIS",,,,"Tx Bias Low Alarm Flags",
"Regress HLA","optical_field",3.64539706,0.00002148,"0x00 (none)","CMIS",,,,"Tx Bias High Warn Flags",
"Regress HLA","optical_field",3.64541982,0.00002148,"0x00 (none)","CMIS",,,,"Tx Bias Low Warn Flags",
"Regress HLA","optical_field",3.64544258,0.00002148,"0xFF (1, 2, 3, 4, 5, 6, 7, 8)","CMIS",,,,"Rx LOS Flags",
"Regress HLA","optical_field",3.64546534,0.00002176,"0x00 (none)","CMIS",,,,"Rx LOL Flags",
"Regress HLA","optical_field",3.64548838,0.00002148,"0x00 (none)","CMIS",,,,"Rx Power High Alarm Flags",
"Regress HLA","optical_field",3.64551114,0.00002148,"0x00 (none)","CMIS",,,,"Rx Power Low Alarm Flags",
"Regress HLA","optical_field",3.6455339,0.00002148,"0x00 (none)","CMIS",,,,"Rx Power High Warn Flags",
"Regress HLA","optical_field",3.64555666,0.00002148,"0x00 (none)","CMIS",,,,"Rx Power Low Warn Flags",
"Regress HLA","optical_field",3.64557942,0.00002148,"0x00 (none)","CMIS",,,,"Rx Output Status Changed Flags",
"Regress HLA","optical_field",3.64562494,0.00002148,"-40.00 dBm (0.1 uW)","CMIS",,,,"OpticalPowerTx1",
"Regress HLA","optical_field",3.64567046,0.00002148,"-40.00 dBm (0.1 uW)","CMIS",,,,"OpticalPowerTx2",
"Regress HLA","optical_field",3.64571598,0.00002148,"-40.00 dBm (0.1 uW)","CMIS",,,,"OpticalPowerTx3",
"Regress HLA","optical_field",3.64576149,0.00002148,"-40.00 dBm (0.1 uW)","CMIS",,,,"OpticalPowerTx4",
"Regress HLA","optical_field",3.6458073,0.00002149,"-40.00 dBm (0.1 uW)","CMIS",,,,"OpticalPowerTx5",
"Regress HLA","optical_field",3.64585282,0.00002149,"-40.00 dBm (0.1 uW)","CMIS",,,,"OpticalPowerTx6",
"Regress HLA","optical_field",3.64589835,0.00002147,"-40.00 dBm (0.1 uW)","CMIS",,,,"OpticalPowerTx7",
"Regress HLA","optical_field",3.64594386,0.00002148,"-40.00 dBm (0.1 uW)","CMIS",,,,"OpticalPowerTx8",
"Regress HLA","optical_field",3.64598938,0.00002148,"0.00 mA (x1 assumed)","CMIS",,,,"LaserBiasTx1",
"Regress HLA","optical_field",3.6460349,0.00002148,"0.00 mA (x1 assumed)","CMIS",,,,"LaserBiasTx2",
"Regress HLA","optical_field",3.64608042,0.00002148,"0.00 mA (x1 assumed)","CMIS",,,,"LaserBiasTx3",
"Regress HLA","optical_field",3.64612624,0.00002147,"0.00 mA (x1 assumed)","CMIS",,,,"LaserBiasTx4",
"Regress HLA","optical_field",3.64617175,0.00002148,"0.00 mA (x1 assumed)","CMIS",,,,"LaserBiasTx5",
"Regress HLA","optical_field",3.64621728,0.00002147,"0.00 mA (x1 assumed)","CMIS",,,,"LaserBiasTx6",
"Regress HLA","optical_field",3.6462628,0.00002147,"0.00 mA (x1 assumed)","CMIS",,,,"LaserBiasTx7",
"Regress HLA","optical_field",3.64630832,0.00002147,"0.00 mA (x1 assumed)","CMIS",,,,"LaserBiasTx8",
"Regress HLA","optical_field",3.64635383,0.00002148,"-40.00 dBm (0.1 uW)","CMIS",,,,"OpticalPowerRx1",
"Regress HLA","optical_field",3.64639935,0.00002148,"-40.00 dBm (0.1 uW)","CMIS",,,,"OpticalPowerRx2",
"Regress HLA","optical_field",3.64644516,0.00002148,"-40.00 dBm (0.1 uW)","CMIS",,,,"OpticalPowerRx3",
"Regress HLA","optical_field",3.64649068,0.00002148,"-40.00 dBm (0.1 uW)","CMIS",,,,"OpticalPowerRx4",
"Regress HLA","optical_field",3.6465362,0.00002148,"-40.00 dBm (0.1 uW)","CMIS",,,,"OpticalPowerRx5",
"Regress HLA","optical_field",3.64658172,0.00002148,"-40.00 dBm (0.1 uW)","CMIS",,,,"OpticalPowerRx6",
"Regress HLA","optical_field",3.64662724,0.00002148,"-40.00 dBm (0.1 uW)","CMIS",,,,"OpticalPowerRx7",
"Regress HLA","optical_field",3.64667275,0.00002134,"-40.00 dBm (0.1 uW)","CMIS",,,,"OpticalPowerRx8",
"Regress HLA","optical_event",4.09809784,0.00002114,,"CMIS",,,"Set Reg Address -> 0x03 (3)",,
"Regress HLA","optical_field",4.0981471,0.00002153,"PwrUp (Powering Up)","CMIS",,,,"Module State",
"Regress HLA","optical_field",4.09816991,0.00002148,"Page11h","CMIS",,,,"Flags Summary (bank 0)",
"Regress HLA","optical_field",4.09819267,0.00002147,"Page11h","CMIS",,,,"Flags Summary (bank 1)",
"Regress HLA","optical_field",4.09821543,0.00002147,"OK (Normal)","CMIS",,,,"Flags Summary (bank 2)",
"Regress HLA","optical_field",4.09823818,0.00002148,"OK (Normal)","CMIS",,,,"Flags Summary (bank 3)",
"Regress HLA","optical_field",4.09826095,0.00002187,"OK (Normal)","CMIS",,,,"Module Flags",
"Regress HLA","optical_field",4.0982841,0.00002148,"VccHighWarn","CMIS",,,,"Global Flags",
"Regress HLA","optical_field",4.09830686,0.00002148,"OK (Normal)","CMIS",,,,"Aux 1/2 Flags",
"Regress HLA","optical_field",4.09832962,0.00002148,"OK (Normal)","CMIS",,,,"Aux 3 / Custom Flags",
"Regress HLA","optical_event",4.09835238,0.00002148,,"CMIS",,,"Read Reg[0x0C] = 0x00",,
"Regress HLA","optical_event",4.09837514,0.00002148,,"CMIS",,,"Read Reg[0x0D] = 0x00",,
"Regress HLA","optical_field",4.09842066,0.00002148,"39.64 °C","CMIS",,,,"Module Temperature",
"Regress HLA","optical_field",4.09846618,0.00002148,"3.591 V","CMIS",,,,"Supply Voltage Vcc",
"Regress HLA","optical_field",4.0985117,0.00002148,"0 (raw) [assumed custom]","CMIS",,,,"Aux1MonValue",
"Regress HLA","optical_field",4.09855722,0.00002148,"0.00 °C [assumed laser_temperature]","CMIS",,,,"Aux2MonValue",
"Regress HLA","optical_field",4.09860303,0.00002148,"0.00 °C [assumed laser_temperature]","CMIS",,,,"Aux3MonValue",
"Regress HLA","optical_field",4.09864855,0.00002147,"0 (raw)","CMIS",,,,"CustomMonValue",
"Regress HLA","optical_field",4.0986713,0.00002134,"LowPwrAllowRequestHW","CMIS",,,,"Module Control",
"Regress HLA","optical_event",4.10009813,0.0000213,,"CMIS",,,"Set Reg Address -> 0x7F (127)",,
"Regress HLA","optical_event",4.10012072,0.00002112,,"CMIS",,,"Page Select -> Page 0x02",,
"Regress HLA","optical_event",4.11209771,0.00002114,,"CMIS",,,"Set Reg Address -> 0x80 (128)",,
"Regress HLA","optical_field",4.11216978,0.00002148,"75.00 °C","CMIS",,,,"TempMonHighAlarmThreshold",
"Regress HLA","optical_field",4.1122153,0.00002148,"-5.00 °C","CMIS",,,,"TempMonLowAlarmThreshold",
"Regress HLA","optical_field",4.11226082,0.00002148,"70.00 °C","CMIS",,,,"TempMonHighWarningThreshold",
"Regress HLA","optical_field",4.11230633,0.00002149,"0.00 °C","CMIS",,,,"TempMonLowWarningThreshold",
"Regress HLA","optical_field",4.11235225,0.00002148,"3.630 V","CMIS",,,,"VccMonHighAlarmThreshold",
"Regress HLA","optical_field",4.11239777,0.00002148,"2.970 V","CMIS",,,,"VccMonLowAlarmThreshold",
"Regress HLA","optical_field",4.11244329,0.00002148,"3.465 V","CMIS",,,,"VccMonHighWarningThreshold",
"Regress HLA","optical_field",4.11248881,0.00002148,"3.135 V","CMIS",,,,"VccMonLowWarningThreshold",
"Regress HLA","optical_field",4.11253433,0.00002148,"0 (raw) [assumed custom]","CMIS",,,,"Aux1MonHighAlarmThreshold",
"Regress HLA","optical_field",4.11257985,0.00002148,"0 (raw) [assumed custom]","CMIS",,,,"Aux1MonLowAlarmThreshold",
"Regress HLA","optical_field",4.11262537,0.00002148,"0 (raw) [assumed custom]","CMIS",,,,"Aux1MonHighWarningThreshold",
"Regress HLA","optical_field",4.11267118,0.00002148,"0 (raw) [assumed custom]","CMIS",,,,"Aux1MonLowWarningThreshold",
"Regress HLA","optical_field",4.1127167,0.00002148,"0.00 °C [assumed laser_temperature]","CMIS",,,,"Aux2MonHighAlarmThreshold",
"Regress HLA","optical_field",4.11276222,0.00002148,"0.00 °C [assumed laser_temperature]","CMIS",,,,"Aux2MonLowAlarmThreshold",
"Regress HLA","optical_field",4.11280774,0.00002148,"0.00 °C [assumed laser_temperature]","CMIS",,,,"Aux2MonHighWarningThreshold",
"Regress HLA","optical_field",4.11285326,0.00002148,"0.00 °C [assumed laser_temperature]","CMIS",,,,"Aux2MonLowWarningThreshold",
"Regress HLA","optical_field",4.11289878,0.00002148,"0.00 °C [assumed laser_temperature]","CMIS",,,,"Aux3MonHighAlarmThreshold",
"Regress HLA","optical_field",4.1129443,0.00002148,"0.00 °C [assumed laser_temperature]","CMIS",,,,"Aux3MonLowAlarmThreshold",
"Regress HLA","optical_field",4.11299011,0.00002148,"0.00 °C [assumed laser_temperature]","CMIS",,,,"Aux3MonHighWarningThreshold",
"Regress HLA","optical_field",4.11303563,0.00002148,"0.00 °C [assumed laser_temperature]","CMIS",,,,"Aux3MonLowWarningThreshold",
"Regress HLA","optical_field",4.11308114,0.00002148,"0 (raw)","CMIS",,,,"CustomMonHighAlarmThreshold",
"Regress HLA","optical_field",4.11312666,0.00002148,"0 (raw)","CMIS",,,,"CustomMonLowAlarmThreshold",
"Regress HLA","optical_field",4.11317219,0.00002147,"0 (raw)","CMIS",,,,"CustomMonHighWarningThreshold",
"Regress HLA","optical_field",4.11321771,0.00002147,"0 (raw)","CMIS",,,,"CustomMonLowWarningThreshold",
"Regress HLA","optical_field",4.11326322,0.00002148,"6.80 dBm (4786.3 uW)","CMIS",,,,"OpticalPowerTxHighAlarmThreshold",
"Regress HLA","optical_field",4.11330903,0.00002147,"-3.90 dBm (407.4 uW)","CMIS",,,,"OpticalPowerTxLowAlarmThreshold",
"Regress HLA","optical_field",4.11335455,0.00002147,"4.80 dBm (3020.0 uW)","CMIS",,,,"OpticalPowerTxHighWarningThreshold",
"Regress HLA","optical_field",4.11340006,0.00002148,"-1.90 dBm (645.7 uW)","CMIS",,,,"OpticalPowerTxLowWarningThreshold",
"Regress HLA","optical_field",4.11344558,0.00002148,"100.00 mA (x1 assumed)","CMIS",,,,"LaserBiasHighAlarmThreshold",
"Regress HLA","optical_field",4.1134911,0.00002148,"10.00 mA (x1 assumed)","CMIS",,,,"LaserBiasLowAlarmThreshold",
"Regress HLA","optical_field",4.11353662,0.00002148,"95.00 mA (x1 assumed)","CMIS",,,,"LaserBiasHighWarningThreshold",
"Regress HLA","optical_field",4.11358214,0.00002148,"15.00 mA (x1 assumed)","CMIS",,,,"LaserBiasLowWarningThreshold",
"Regress HLA","optical_field",4.11362794,0.00002148,"6.30 dBm (4265.8 uW)","CMIS",,,,"OpticalPowerRxHighAlarmThreshold",
"Regress HLA","optical_field",4.11367346,0.00002148,"-11.20 dBm (75.9 uW)","CMIS",,,,"OpticalPowerRxLowAlarmThreshold",
"Regress HLA","optical_field",4.11371898,0.00002148,"5.80 dBm (3801.9 uW)","CMIS",,,,"OpticalPowerRxHighWarningThreshold",
"Regress HLA","optical_field",4.11376449,0.00002134,"-10.20 dBm (95.5 uW)","CMIS",,,,"OpticalPowerRxLowWarningThreshold",
"Regress HLA","optical_compliance",4.11378851,0.00000001,,"CMIS","warning","THRESHOLD_UNINITIALIZED",,,"[THRESHOLD_UNINITIALIZED] TempMonLowWarningThreshold is 0 - threshold not programmed"
"Regress HLA","optical_event",4.11709793,0.0000213,,"CMIS",,,"Set Reg Address -> 0x7F (127)",,
"Regress HLA","optical_event",4.11712051,0.00002113,,"CMIS",,,"Page Select -> Page 0x10",,
"Regress HLA","optical_event",4.12809797,0.00002114,,"CMIS",,,"Set Reg Address -> 0x80 (128)",,
"Regress HLA","optical_field",4.12814723,0.00002153,"0x00 (initialize all lanes)","CMIS",,,,"DP Deinit Lanes",
"Regress HLA","optical_event",4.12817004,0.00002148,,"CMIS",,,"Read Reg[0x81] = 0x00",,
"Regress HLA","optical_event",4.1281928,0.00002148,,"CMIS",,,"Read Reg[0x82] = 0x00",,
"Regress HLA","optical_event",4.12821556,0.00002148,,"CMIS",,,"Read Reg[0x83] = 0x00",,
"Regress HLA","optical_event",4.12823832,0.00002148,,"CMIS",,,"Read Reg[0x84] = 0x00",,
"Regress HLA","optical_event",4.12826108,0.00002147,,"CMIS",,,"Read Reg[0x85] = 0x00",,
"Regress HLA","optical_event",4.12828384,0.00002147,,"CMIS",,,"Read Reg[0x86] = 0x00",,
"Regress HLA","optical_event",4.1283066,0.00002147,,"CMIS",,,"Read Reg[0x87] = 0x00",,
"Regress HLA","optical_event",4.12832936,0.00002187,,"CMIS",,,"Read Reg[0x88] = 0x00",,
"Regress HLA","optical_event",4.12835251,0.00002148,,"CMIS",,,"Read Reg[0x89] = 0x00",,
"Regress HLA","optical_event",4.12837527,0.00002148,,"CMIS",,,"Read Reg[0x8A] = 0x00",,
"Regress HLA","optical_event",4.12839803,0.00002148,,"CMIS",,,"Read Reg[0x8B] = 0x00",,
"Regress HLA","optical_event",4.12842079,0.00002148,,"CMIS",,,"Read Reg[0x8C] = 0x00",,
"Regress HLA","optical_event",4.12844355,0.00002148,,"CMIS",,,"Read Reg[0x8D] = 0x00",,
"Regress HLA","optical_event",4.12846631,0.00002148,,"CMIS",,,"Read Reg[0x8E] = 0x00",,
"Regress HLA","optical_field",4.12848907,0.00002148,"no lanes selected","CMIS",,,,"ApplyDPInit",
"Regress HLA","optical_field",4.12851183,0.00002148,"no lanes selected","CMIS",,,,"ApplyImmediate",
"Regress HLA","optical_field",4.12853459,0.00002148,"AppSel=1, DataPathID=0, ExplicitControl=0","CMIS",,,,"Lane 1 DataPath Ctrl",
"Regress HLA","optical_field",4.12855735,0.00002148,"AppSel=1, DataPathID=0, ExplicitControl=0","CMIS",,,,"Lane 2 DataPath Ctrl",
"Regress HLA","optical_field",4.12858011,0.00002148,"AppSel=1, DataPathID=2, ExplicitControl=0","CMIS",,,,"Lane 3 DataPath Ctrl",
"Regress HLA","optical_field",4.12860287,0.00002147,"AppSel=1, DataPathID=2, ExplicitControl=0","CMIS",,,,"Lane 4 DataPath Ctrl",
"Regress HLA","optical_field",4.12862563,0.00002148,"AppSel=1, DataPathID=4, ExplicitControl=0","CMIS",,,,"Lane 5 DataPath Ctrl",
"Regress HLA","optical_field",4.12864839,0.00002177,"AppSel=1, DataPathID=4, ExplicitControl=0","CMIS",,,,"Lane 6 DataPath Ctrl",
"Regress HLA","optical_field",4.12867144,0.00002148,"AppSel=1, DataPathID=6, ExplicitControl=0","CMIS",,,,"Lane 7 DataPath Ctrl",
"Regress HLA","optical_field",4.1286942,0.00002148,"AppSel=1, DataPathID=6, ExplicitControl=0","CMIS",,,,"Lane 8 DataPath Ctrl",
"Regress HLA","optical_event",4.12871696,0.00002148,,"CMIS",,,"Read Reg[0x99] = 0xFF",,
"Regress HLA","optical_event",4.12873972,0.00002148,,"CMIS",,,"Read Reg[0x9A] = 0x00",,
"Regress HLA","optical_event",4.12876248,0.00002148,,"CMIS",,,"Read Reg[0x9B] = 0x00",,
"Regress HLA","optical_event",4.12878524,0.00002148,,"CMIS",,,"Read Reg[0x9C] = 0x00",,
"Regress HLA","optical_event",4.12880799,0.00002149,,"CMIS",,,"Read Reg[0x9D] = 0x00",,
"Regress HLA","optical_event",4.12883076,0.00002146,,"CMIS",,,"Read Reg[0x9E] = 0x00",,
"Regress HLA","optical_event",4.12885351,0.00002134,,"CMIS",,,"Read Reg[0x9F] = 0x00",,
"Regress HLA","optical_event",4.13009826,0.0000213,,"CMIS",,,"Set Reg Address -> 0x7F (127)",,
"Regress HLA","optical_event",4.13012084,0.00002113,,"CMIS",,,"Page Select -> Page 0x11",,
"Regress HLA","optical_event",4.14309851,0.00002115,,"CMIS",,,"Set Reg Address -> 0x86 (134)",,
"Regress HLA","optical_field",4.14314777,0.00002153,"0x00 (none)","CMIS",,,,"DP State Changed Flags",
"Regress HLA","optical_field",4.14317059,0.00002147,"0x00 (none)","CMIS",,,,"Tx Fault Flags",
"Regress HLA","optical_field",4.14319334,0.00002148,"0x00 (none)","CMIS",,,,"Tx LOS Flags",
"Regress HLA","optical_field",4.1432161,0.00002148,"0x00 (none)","CMIS",,,,"Tx CDRLOL Flags",
"Regress HLA","optical_field",4.14323887,0.00002147,"0x00 (none)","CMIS",,,,"Tx Adaptive EQ Fail Flags",
"Regress HLA","optical_field",4.14326162,0.00002148,"0x00 (none)","CMIS",,,,"Tx Power High Alarm Flags",
"Regress HLA","optical_field",4.14328439,0.00002147,"0x00 (none)","CMIS",,,,"Tx Power Low Alarm Flags",
"Regress HLA","optical_field",4.14330714,0.00002148,"0x00 (none)","CMIS",,,,"Tx Power High Warn Flags",
"Regress HLA","optical_field",4.1433299,0.00002148,"0x00 (none)","CMIS",,,,"Tx Power Low Warn Flags",
"Regress HLA","optical_field",4.14335266,0.00002148,"0x00 (none)","CMIS",,,,"Tx Bias High Alarm Flags",
"Regress HLA","optical_field",4.14337542,0.00002177,"0x00 (none)","CMIS",,,,"Tx Bias Low Alarm Flags",
"Regress HLA","optical_field",4.14339847,0.00002148,"0x00 (none)","CMIS",,,,"Tx Bias High Warn Flags",
"Regress HLA","optical_field",4.14342123,0.00002148,"0x00 (none)","CMIS",,,,"Tx Bias Low Warn Flags",
"Regress HLA","optical_field",4.14344399,0.00002148,"0xFF (1, 2, 3, 4, 5, 6, 7, 8)","CMIS",,,,"Rx LOS Flags",
"Regress HLA","optical_field",4.14346675,0.00002148,"0x00 (none)","CMIS",,,,"Rx LOL Flags",
"Regress HLA","optical_field",4.14348952,0.00002147,"0x00 (none)","CMIS",,,,"Rx Power High Alarm Flags",
"Regress HLA","optical_field",4.14351227,0.00002148,"0x00 (none)","CMIS",,,,"Rx Power Low Alarm Flags",
"Regress HLA","optical_field",4.14353503,0.00002148,"0x00 (none)","CMIS",,,,"Rx Power High Warn Flags",
"Regress HLA","optical_field",4.14355779,0.00002148,"0x00 (none)","CMIS",,,,"Rx Power Low Warn Flags",
"Regress HLA","optical_field",4.14358055,0.00002148,"0x00 (none)","CMIS",,,,"Rx Output Status Changed Flags",
"Regress HLA","optical_field",4.14362607,0.00002148,"-40.00 dBm (0.1 uW)","CMIS",,,,"OpticalPowerTx1",
"Regress HLA","optical_field",4.14367159,0.00002148,"-40.00 dBm (0.1 uW)","CMIS",,,,"OpticalPowerTx2",
"Regress HLA","optical_field",4.1437174,0.00002148,"-40.00 dBm (0.1 uW)","CMIS",,,,"OpticalPowerTx3",
"Regress HLA","optical_field",4.14376292,0.00002148,"-40.00 dBm (0.1 uW)","CMIS",,,,"OpticalPowerTx4",
"Regress HLA","optical_field",4.14380844,0.00002148,"-40.00 dBm (0.1 uW)","CMIS",,,,"OpticalPowerTx5",
"Regress HLA","optical_field",4.14385396,0.00002148,"-40.00 dBm (0.1 uW)","CMIS",,,,"OpticalPowerTx6",
"Regress HLA","optical_field",4.14389948,0.00002148,"-40.00 dBm (0.1 uW)","CMIS",,,,"OpticalPowerTx7",
"Regress HLA","optical_field",4.143945,0.00002148,"-40.00 dBm (0.1 uW)","CMIS",,,,"OpticalPowerTx8",
"Regress HLA","optical_field",4.14399052,0.00002148,"0.00 mA (x1 assumed)","CMIS",,,,"LaserBiasTx1",
"Regress HLA","optical_field",4.14403633,0.00002148,"0.00 mA (x1 assumed)","CMIS",,,,"LaserBiasTx2",
"Regress HLA","optical_field",4.14408185,0.00002148,"0.00 mA (x1 assumed)","CMIS",,,,"LaserBiasTx3",
"Regress HLA","optical_field",4.14412737,0.00002148,"0.00 mA (x1 assumed)","CMIS",,,,"LaserBiasTx4",
"Regress HLA","optical_field",4.14417289,0.00002148,"0.00 mA (x1 assumed)","CMIS",,,,"LaserBiasTx5",
"Regress HLA","optical_field",4.14421841,0.00002148,"0.00 mA (x1 assumed)","CMIS",,,,"LaserBiasTx6",
"Regress HLA","optical_field",4.14426393,0.00002147,"0.00 mA (x1 assumed)","CMIS",,,,"LaserBiasTx7",
"Regress HLA","optical_field",4.14430945,0.00002147,"0.00 mA (x1 assumed)","CMIS",,,,"LaserBiasTx8",
"Regress HLA","optical_field",4.14435526,0.00002148,"-40.00 dBm (0.1 uW)","CMIS",,,,"OpticalPowerRx1",
"Regress HLA","optical_field",4.14440078,0.00002148,"-40.00 dBm (0.1 uW)","CMIS",,,,"OpticalPowerRx2",
"Regress HLA","optical_field",4.14444629,0.00002149,"-40.00 dBm (0.1 uW)","CMIS",,,,"OpticalPowerRx3",
"Regress HLA","optical_field",4.14449181,0.00002149,"-40.00 dBm (0.1 uW)","CMIS",,,,"OpticalPowerRx4",
"Regress HLA","optical_field",4.14453734,0.00002147,"-40.00 dBm (0.1 uW)","CMIS",,,,"OpticalPowerRx5",
"Regress HLA","optical_field",4.14458286,0.00002147,"-40.00 dBm (0.1 uW)","CMIS",,,,"OpticalPowerRx6",
"Regress HLA","optical_field",4.14462838,0.00002147,"-40.00 dBm (0.1 uW)","CMIS",,,,"OpticalPowerRx7",
"Regress HLA","optical_field",4.14467417,0.00002135,"-40.00 dBm (0.1 uW)","CMIS",,,,"OpticalPowerRx8",
"Regress HLA","optical_event",4.59409922,0.00002115,,"CMIS",,,"Set Reg Address -> 0x03 (3)",,
"Regress HLA","optical_field",4.59414848,0.00002154,"PwrUp (Powering Up)","CMIS",,,,"Module State",
"Regress HLA","optical_field",4.5941713,0.00002148,"Page11h","CMIS",,,,"Flags Summary (bank 0)",
"Regress HLA","optical_field",4.59419405,0.00002149,"Page11h","CMIS",,,,"Flags Summary (bank 1)",
"Regress HLA","optical_field",4.59421682,0.00002147,"OK (Normal)","CMIS",,,,"Flags Summary (bank 2)",
"Regress HLA","optical_field",4.59423957,0.00002188,"OK (Normal)","CMIS",,,,"Flags Summary (bank 3)",
"Regress HLA","optical_field",4.59426273,0.00002148,"ModuleStateChanged","CMIS",,,,"Module Flags",
"Regress HLA","optical_field",4.59428549,0.00002148,"VccHighWarn","CMIS",,,,"Global Flags",
"Regress HLA","optical_field",4.59430825,0.00002148,"OK (Normal)","CMIS",,,,"Aux 1/2 Flags",
"Regress HLA","optical_field",4.59433101,0.00002148,"OK (Normal)","CMIS",,,,"Aux 3 / Custom Flags",
"Regress HLA","optical_event",4.59435377,0.00002148,,"CMIS",,,"Read Reg[0x0C] = 0x00",,
"Regress HLA","optical_event",4.59437653,0.00002148,,"CMIS",,,"Read Reg[0x0D] = 0x00",,
"Regress HLA","optical_field",4.59442205,0.00002148,"39.81 °C","CMIS",,,,"Module Temperature",
"Regress HLA","optical_field",4.59446757,0.00002148,"3.591 V","CMIS",,,,"Supply Voltage Vcc",
"Regress HLA","optical_field",4.59451309,0.00002148,"0 (raw) [assumed custom]","CMIS",,,,"Aux1MonValue",
"Regress HLA","optical_field",4.59455861,0.00002177,"0.00 °C [assumed laser_temperature]","CMIS",,,,"Aux2MonValue",
"Regress HLA","optical_field",4.59460442,0.00002148,"0.00 °C [assumed laser_temperature]","CMIS",,,,"Aux3MonValue",
"Regress HLA","optical_field",4.59464994,0.00002147,"0 (raw)","CMIS",,,,"CustomMonValue",
"Regress HLA","optical_field",4.59467269,0.00002134,"LowPwrAllowRequestHW","CMIS",,,,"Module Control",
"Regress HLA","optical_event",4.59609928,0.0000213,,"CMIS",,,"Set Reg Address -> 0x7F (127)",,
"Regress HLA","optical_event",4.59612186,0.00002113,,"CMIS",,,"Page Select -> Page 0x02",,
"Regress HLA","optical_event",4.60909914,0.00002115,,"CMIS",,,"Set Reg Address -> 0x80 (128)",,
"Regress HLA","optical_field",4.60917121,0.00002148,"75.00 °C","CMIS",,,,"TempMonHighAlarmThreshold",
"Regress HLA","optical_field",4.60921673,0.00002148,"-5.00 °C","CMIS",,,,"TempMonLowAlarmThreshold",
"Regress HLA","optical_field",4.60926225,0.00002148,"70.00 °C","CMIS",,,,"TempMonHighWarningThreshold",
"Regress HLA","optical_field",4.60930817,0.00002148,"0.00 °C","CMIS",,,,"TempMonLowWarningThreshold",
"Regress HLA","optical_field",4.60935368,0.00002148,"3.630 V","CMIS",,,,"VccMonHighAlarmThreshold",
"Regress HLA","optical_field",4.6093992,0.00002148,"2.970 V","CMIS",,,,"VccMonLowAlarmThreshold",
"Regress HLA","optical_field",4.60944472,0.00002148,"3.465 V","CMIS",,,,"VccMonHighWarningThreshold",
"Regress HLA","optical_field",4.60949024,0.00002148,"3.135 V","CMIS",,,,"VccMonLowWarningThreshold",
"Regress HLA","optical_field",4.60953576,0.00002148,"0 (raw) [assumed custom]","CMIS",,,,"Aux1MonHighAlarmThreshold",
"Regress HLA","optical_field",4.60958128,0.00002148,"0 (raw) [assumed custom]","CMIS",,,,"Aux1MonLowAlarmThreshold",
"Regress HLA","optical_field",4.60962708,0.00002148,"0 (raw) [assumed custom]","CMIS",,,,"Aux1MonHighWarningThreshold",
"Regress HLA","optical_field",4.6096726,0.00002148,"0 (raw) [assumed custom]","CMIS",,,,"Aux1MonLowWarningThreshold",
"Regress HLA","optical_field",4.60971812,0.00002148,"0.00 °C [assumed laser_temperature]","CMIS",,,,"Aux2MonHighAlarmThreshold",
"Regress HLA","optical_field",4.60976364,0.00002148,"0.00 °C [assumed laser_temperature]","CMIS",,,,"Aux2MonLowAlarmThreshold",
"Regress HLA","optical_field",4.60980916,0.00002148,"0.00 °C [assumed laser_temperature]","CMIS",,,,"Aux2MonHighWarningThreshold",
"Regress HLA","optical_field",4.60985468,0.00002148,"0.00 °C [assumed laser_temperature]","CMIS",,,,"Aux2MonLowWarningThreshold",
"Regress HLA","optical_field",4.6099002,0.00002148,"0.00 °C [assumed laser_temperature]","CMIS",,,,"Aux3MonHighAlarmThreshold",
"Regress HLA","optical_field",4.60994601,0.00002148,"0.00 °C [assumed laser_temperature]","CMIS",,,,"Aux3MonLowAlarmThreshold",
"Regress HLA","optical_field",4.60999153,0.00002148,"0.00 °C [assumed laser_temperature]","CMIS",,,,"Aux3MonHighWarningThreshold",
"Regress HLA","optical_field",4.61003705,0.00002148,"0.00 °C [assumed laser_temperature]","CMIS",,,,"Aux3MonLowWarningThreshold",
"Regress HLA","optical_field",4.61008257,0.00002148,"0 (raw)","CMIS",,,,"CustomMonHighAlarmThreshold",
"Regress HLA","optical_field",4.61012808,0.00002149,"0 (raw)","CMIS",,,,"CustomMonLowAlarmThreshold",
"Regress HLA","optical_field",4.61017361,0.00002148,"0 (raw)","CMIS",,,,"CustomMonHighWarningThreshold",
"Regress HLA","optical_field",4.61021913,0.00002148,"0 (raw)","CMIS",,,,"CustomMonLowWarningThreshold",
"Regress HLA","optical_field",4.61026494,0.00002148,"6.80 dBm (4786.3 uW)","CMIS",,,,"OpticalPowerTxHighAlarmThreshold",
"Regress HLA","optical_field",4.61031046,0.00002148,"-3.90 dBm (407.4 uW)","CMIS",,,,"OpticalPowerTxLowAlarmThreshold",
"Regress HLA","optical_field",4.61035598,0.00002148,"4.80 dBm (3020.0 uW)","CMIS",,,,"OpticalPowerTxHighWarningThreshold",
"Regress HLA","optical_field",4.6104015,0.00002148,"-1.90 dBm (645.7 uW)","CMIS",,,,"OpticalPowerTxLowWarningThreshold",
"Regress HLA","optical_field",4.61044702,0.00002148,"100.00 mA (x1 assumed)","CMIS",,,,"LaserBiasHighAlarmThreshold",
"Regress HLA","optical_field",4.61049253,0.00002148,"10.00 mA (x1 assumed)","CMIS",,,,"LaserBiasLowAlarmThreshold",
"Regress HLA","optical_field",4.61053806,0.00002147,"95.00 mA (x1 assumed)","CMIS",,,,"LaserBiasHighWarningThreshold",
"Regress HLA","optical_field",4.61058388,0.00002148,"15.00 mA (x1 assumed)","CMIS",,,,"LaserBiasLowWarningThreshold",
"Regress HLA","optical_field",4.6106294,0.00002148,"6.30 dBm (4265.8 uW)","CMIS",,,,"OpticalPowerRxHighAlarmThreshold",
"Regress HLA","optical_field",4.61067491,0.00002148,"-11.20 dBm (75.9 uW)","CMIS",,,,"OpticalPowerRxLowAlarmThreshold",
"Regress HLA","optical_field",4.61072043,0.00002148,"5.80 dBm (3801.9 uW)","CMIS",,,,"OpticalPowerRxHighWarningThreshold",
"Regress HLA","optical_field",4.61076594,0.00002135,"-10.20 dBm (95.5 uW)","CMIS",,,,"OpticalPowerRxLowWarningThreshold",
"Regress HLA","optical_compliance",4.61078996,0.00000001,,"CMIS","warning","THRESHOLD_UNINITIALIZED",,,"[THRESHOLD_UNINITIALIZED] TempMonLowWarningThreshold is 0 - threshold not programmed"
"Regress HLA","optical_event",4.61410006,0.00002131,,"CMIS",,,"Set Reg Address -> 0x7F (127)",,
"Regress HLA","optical_event",4.61412264,0.00002113,,"CMIS",,,"Page Select -> Page 0x10",,
"Regress HLA","optical_event",4.62409932,0.00002115,,"CMIS",,,"Set Reg Address -> 0x80 (128)",,
"Regress HLA","optical_field",4.62414858,0.00002153,"0x00 (initialize all lanes)","CMIS",,,,"DP Deinit Lanes",
"Regress HLA","optical_event",4.6241714,0.00002147,,"CMIS",,,"Read Reg[0x81] = 0x00",,
"Regress HLA","optical_event",4.62419416,0.00002148,,"CMIS",,,"Read Reg[0x82] = 0x00",,
"Regress HLA","optical_event",4.62421692,0.00002147,,"CMIS",,,"Read Reg[0x83] = 0x00",,
"Regress HLA","optical_event",4.62423968,0.00002147,,"CMIS",,,"Read Reg[0x84] = 0x00",,
"Regress HLA","optical_event",4.62426243,0.00002148,,"CMIS",,,"Read Reg[0x85] = 0x00",,
"Regress HLA","optical_event",4.6242852,0.00002147,,"CMIS",,,"Read Reg[0x86] = 0x00",,
"Regress HLA","optical_event",4.62430795,0.0000219,,"CMIS",,,"Read Reg[0x87] = 0x00",,
"Regress HLA","optical_event",4.62433113,0.00002148,,"CMIS",,,"Read Reg[0x88] = 0x00",,
"Regress HLA","optical_event",4.62435389,0.00002148,,"CMIS",,,"Read Reg[0x89] = 0x00",,
"Regress HLA","optical_event",4.62437665,0.00002148,,"CMIS",,,"Read Reg[0x8A] = 0x00",,
"Regress HLA","optical_event",4.62439941,0.00002148,,"CMIS",,,"Read Reg[0x8B] = 0x00",,
"Regress HLA","optical_event",4.62442217,0.00002148,,"CMIS",,,"Read Reg[0x8C] = 0x00",,
"Regress HLA","optical_event",4.62444493,0.00002148,,"CMIS",,,"Read Reg[0x8D] = 0x00",,
"Regress HLA","optical_event",4.62446769,0.00002148,,"CMIS",,,"Read Reg[0x8E] = 0x00",,
"Regress HLA","optical_field",4.62449045,0.00002148,"no lanes selected","CMIS",,,,"ApplyDPInit",
"Regress HLA","optical_field",4.62451321,0.00002148,"no lanes selected","CMIS",,,,"ApplyImmediate",
"Regress HLA","optical_field",4.62453597,0.00002148,"AppSel=1, DataPathID=0, ExplicitControl=0","CMIS",,,,"Lane 1 DataPath Ctrl",
"Regress HLA","optical_field",4.62455873,0.00002148,"AppSel=1, DataPathID=0, ExplicitControl=0","CMIS",,,,"Lane 2 DataPath Ctrl",
"Regress HLA","optical_field",4.62458149,0.00002148,"AppSel=1, DataPathID=2, ExplicitControl=0","CMIS",,,,"Lane 3 DataPath Ctrl",
"Regress HLA","optical_field",4.62460425,0.00002147,"AppSel=1, DataPathID=2, ExplicitControl=0","CMIS",,,,"Lane 4 DataPath Ctrl",
"Regress HLA","optical_field",4.62462701,0.00002148,"AppSel=1, DataPathID=4, ExplicitControl=0","CMIS",,,,"Lane 5 DataPath Ctrl",
"Regress HLA","optical_field",4.62465006,0.00002148,"AppSel=1, DataPathID=4, ExplicitControl=0","CMIS",,,,"Lane 6 DataPath Ctrl",
"Regress HLA","optical_field",4.62467282,0.00002148,"AppSel=1, DataPathID=6, ExplicitControl=0","CMIS",,,,"Lane 7 DataPath Ctrl",
"Regress HLA","optical_field",4.62469558,0.00002148,"AppSel=1, DataPathID=6, ExplicitControl=0","CMIS",,,,"Lane 8 DataPath Ctrl",
"Regress HLA","optical_event",4.62471834,0.00002148,,"CMIS",,,"Read Reg[0x99] = 0xFF",,
"Regress HLA","optical_event",4.6247411,0.00002148,,"CMIS",,,"Read Reg[0x9A] = 0x00",,
"Regress HLA","optical_event",4.62476386,0.00002148,,"CMIS",,,"Read Reg[0x9B] = 0x00",,
"Regress HLA","optical_event",4.62478662,0.00002148,,"CMIS",,,"Read Reg[0x9C] = 0x00",,
"Regress HLA","optical_event",4.62480938,0.00002148,,"CMIS",,,"Read Reg[0x9D] = 0x00",,
"Regress HLA","optical_event",4.62483214,0.00002147,,"CMIS",,,"Read Reg[0x9E] = 0x00",,
"Regress HLA","optical_event",4.62485489,0.00002134,,"CMIS",,,"Read Reg[0x9F] = 0x00",,
"Regress HLA","optical_event",4.62609953,0.00002131,,"CMIS",,,"Set Reg Address -> 0x7F (127)",,
"Regress HLA","optical_event",4.62612212,0.00002112,,"CMIS",,,"Page Select -> Page 0x11",,
"Regress HLA","optical_event",4.63910002,0.00002114,,"CMIS",,,"Set Reg Address -> 0x86 (134)",,
"Regress HLA","optical_field",4.63914928,0.00002153,"0x00 (none)","CMIS",,,,"DP State Changed Flags",
"Regress HLA","optical_field",4.63917209,0.00002148,"0x00 (none)","CMIS",,,,"Tx Fault Flags",
"Regress HLA","optical_field",4.63919485,0.00002148,"0x00 (none)","CMIS",,,,"Tx LOS Flags",
"Regress HLA","optical_field",4.63921761,0.00002148,"0x00 (none)","CMIS",,,,"Tx CDRLOL Flags",
"Regress HLA","optical_field",4.63924037,0.00002148,"0x00 (none)","CMIS",,,,"Tx Adaptive EQ Fail Flags",
"Regress HLA","optical_field",4.63926313,0.00002148,"0x00 (none)","CMIS",,,,"Tx Power High Alarm Flags",
"Regress HLA","optical_field",4.63928589,0.00002148,"0x00 (none)","CMIS",,,,"Tx Power Low Alarm Flags",
"Regress HLA","optical_field",4.63930865,0.00002148,"0x00 (none)","CMIS",,,,"Tx Power High Warn Flags",
"Regress HLA","optical_field",4.63933141,0.00002148,"0x00 (none)","CMIS",,,,"Tx Power Low Warn Flags",
"Regress HLA","optical_field",4.63935417,0.00002186,"0x00 (none)","CMIS",,,,"Tx Bias High Alarm Flags",
"Regress HLA","optical_field",4.63937731,0.00002148,"0x00 (none)","CMIS",,,,"Tx Bias Low Alarm Flags",
"Regress HLA","optical_field",4.63940008,0.00002147,"0x00 (none)","CMIS",,,,"Tx Bias High Warn Flags",
"Regress HLA","optical_field",4.63942283,0.00002148,"0x00 (none)","CMIS",,,,"Tx Bias Low Warn Flags",
"Regress HLA","optical_field",4.63944559,0.00002148,"0xFF (1, 2, 3, 4, 5, 6, 7, 8)","CMIS",,,,"Rx LOS Flags",
"Regress HLA","optical_field",4.63946835,0.00002148,"0x00 (none)","CMIS",,,,"Rx LOL Flags",
"Regress HLA","optical_field",4.63949111,0.00002148,"0x00 (none)","CMIS",,,,"Rx Power High Alarm Flags",
"Regress HLA","optical_field",4.63951387,0.00002148,"0x00 (none)","CMIS",,,,"Rx Power Low Alarm Flags",
"Regress HLA","optical_field",4.63953663,0.00002148,"0x00 (none)","CMIS",,,,"Rx Power High Warn Flags",
"Regress HLA","optical_field",4.63955939,0.00002148,"0x00 (none)","CMIS",,,,"Rx Power Low Warn Flags",
"Regress HLA","optical_field",4.63958215,0.00002148,"0x00 (none)","CMIS",,,,"Rx Output Status Changed Flags",
"Regress HLA","optical_field",4.63962767,0.00002148,"-40.00 dBm (0.1 uW)","CMIS",,,,"OpticalPowerTx1",
"Regress HLA","optical_field",4.63967319,0.00002177,"-40.00 dBm (0.1 uW)","CMIS",,,,"OpticalPowerTx2",
"Regress HLA","optical_field",4.639719,0.00002148,"-40.00 dBm (0.1 uW)","CMIS",,,,"OpticalPowerTx3",
"Regress HLA","optical_field",4.63976452,0.00002148,"-40.00 dBm (0.1 uW)","CMIS",,,,"OpticalPowerTx4",
"Regress HLA","optical_field",4.63981004,0.00002148,"-40.00 dBm (0.1 uW)","CMIS",,,,"OpticalPowerTx5",
"Regress HLA","optical_field",4.63985556,0.00002148,"-40.00 dBm (0.1 uW)","CMIS",,,,"OpticalPowerTx6",
"Regress HLA","optical_field",4.63990108,0.00002148,"-40.00 dBm (0.1 uW)","CMIS",,,,"OpticalPowerTx7",
"Regress HLA","optical_field",4.6399466,0.00002148,"-40.00 dBm (0.1 uW)","CMIS",,,,"OpticalPowerTx8",
"Regress HLA","optical_field",4.63999212,0.00002177,"0.00 mA (x1 assumed)","CMIS",,,,"LaserBiasTx1",
"Regress HLA","optical_field",4.64003793,0.00002148,"0.00 mA (x1 assumed)","CMIS",,,,"LaserBiasTx2",
"Regress HLA","optical_field",4.64008345,0.00002148,"0.00 mA (x1 assumed)","CMIS",,,,"LaserBiasTx3",
"Regress HLA","optical_field",4.64012897,0.00002148,"0.00 mA (x1 assumed)","CMIS",,,,"LaserBiasTx4",
"Regress HLA","optical_field",4.64017449,0.00002148,"0.00 mA (x1 assumed)","CMIS",,,,"LaserBiasTx5",
"Regress HLA","optical_field",4.64022001,0.00002147,"0.00 mA (x1 assumed)","CMIS",,,,"LaserBiasTx6",
"Regress HLA","optical_field",4.64026552,0.00002148,"0.00 mA (x1 assumed)","CMIS",,,,"LaserBiasTx7",
"Regress HLA","optical_field",4.64031105,0.00002177,"0.00 mA (x1 assumed)","CMIS",,,,"LaserBiasTx8",
"Regress HLA","optical_field",4.64035686,0.00002147,"-40.00 dBm (0.1 uW)","CMIS",,,,"OpticalPowerRx1",
"Regress HLA","optical_field",4.64040238,0.00002148,"-40.00 dBm (0.1 uW)","CMIS",,,,"OpticalPowerRx2",
"Regress HLA","optical_field",4.6404479,0.00002147,"-40.00 dBm (0.1 uW)","CMIS",,,,"OpticalPowerRx3",
"Regress HLA","optical_field",4.64049342,0.00002147,"-40.00 dBm (0.1 uW)","CMIS",,,,"OpticalPowerRx4",
"Regress HLA","optical_field",4.64053893,0.00002148,"-40.00 dBm (0.1 uW)","CMIS",,,,"OpticalPowerRx5",
"Regress HLA","optical_field",4.64058446,0.00002147,"-40.00 dBm (0.1 uW)","CMIS",,,,"OpticalPowerRx6",
"Regress HLA","optical_field",4.64062997,0.00002177,"-40.00 dBm (0.1 uW)","CMIS",,,,"OpticalPowerRx7",
"Regress HLA","optical_field",4.64067577,0.00002135,"-40.00 dBm (0.1 uW)","CMIS",,,,"OpticalPowerRx8",
"Regress HLA","optical_event",5.08810095,0.00002114,,"CMIS",,,"Set Reg Address -> 0x03 (3)",,
"Regress HLA","optical_field",5.08815021,0.00002153,"PwrUp (Powering Up)","CMIS",,,,"Module State",
"Regress HLA","optical_field",5.08817302,0.00002148,"Page11h","CMIS",,,,"Flags Summary (bank 0)",
"Regress HLA","optical_field",5.08819578,0.00002148,"Page11h","CMIS",,,,"Flags Summary (bank 1)",
"Regress HLA","optical_field",5.08821854,0.00002148,"OK (Normal)","CMIS",,,,"Flags Summary (bank 2)",
"Regress HLA","optical_field",5.0882413,0.00002148,"OK (Normal)","CMIS",,,,"Flags Summary (bank 3)",
"Regress HLA","optical_field",5.08826406,0.00002147,"OK (Normal)","CMIS",,,,"Module Flags",
"Regress HLA","optical_field",5.08828681,0.00002149,"VccHighWarn","CMIS",,,,"Global Flags",
"Regress HLA","optical_field",5.08830958,0.00002187,"OK (Normal)","CMIS",,,,"Aux 1/2 Flags",
"Regress HLA","optical_field",5.08833273,0.00002148,"OK (Normal)","CMIS",,,,"Aux 3 / Custom Flags",
"Regress HLA","optical_event",5.08835549,0.00002148,,"CMIS",,,"Read Reg[0x0C] = 0x00",,
"Regress HLA","optical_event",5.08837825,0.00002148,,"CMIS",,,"Read Reg[0x0D] = 0x00",,
"Regress HLA","optical_field",5.08842377,0.00002148,"39.81 °C","CMIS",,,,"Module Temperature",
"Regress HLA","optical_field",5.08846929,0.00002148,"3.591 V","CMIS",,,,"Supply Voltage Vcc",
"Regress HLA","optical_field",5.08851481,0.00002148,"0 (raw) [assumed custom]","CMIS",,,,"Aux1MonValue",
"Regress HLA","optical_field",5.08856033,0.00002148,"0.00 °C [assumed laser_temperature]","CMIS",,,,"Aux2MonValue",
"Regress HLA","optical_field",5.08860585,0.00002148,"0.00 °C [assumed laser_temperature]","CMIS",,,,"Aux3MonValue",
"Regress HLA","optical_field",5.08865166,0.00002147,"0 (raw)","CMIS",,,,"CustomMonValue",
"Regress HLA","optical_field",5.08867441,0.00002134,"LowPwrAllowRequestHW","CMIS",,,,"Module Control",
"Regress HLA","optical_event",5.09010069,0.0000213,,"CMIS",,,"Set Reg Address -> 0x7F (127)",,
"Regress HLA","optical_event",5.09012327,0.00002113,,"CMIS",,,"Page Select -> Page 0x02",,
"Regress HLA","optical_event",5.10410061,0.00002115,,"CMIS",,,"Set Reg Address -> 0x80 (128)",,
"Regress HLA","optical_field",5.10417268,0.00002148,"75.00 °C","CMIS",,,,"TempMonHighAlarmThreshold",
"Regress HLA","optical_field",5.1042182,0.00002148,"-5.00 °C","CMIS",,,,"TempMonLowAlarmThreshold",
"Regress HLA","optical_field",5.10426372,0.00002148,"70.00 °C","CMIS",,,,"TempMonHighWarningThreshold",
"Regress HLA","optical_field",5.10430924,0.00002188,"0.00 °C","CMIS",,,,"TempMonLowWarningThreshold",
"Regress HLA","optical_field",5.10435516,0.00002147,"3.630 V","CMIS",,,,"VccMonHighAlarmThreshold",
"Regress HLA","optical_field",5.10440068,0.00002147,"2.970 V","CMIS",,,,"VccMonLowAlarmThreshold",
"Regress HLA","optical_field",5.10444619,0.00002148,"3.465 V","CMIS",,,,"VccMonHighWarningThreshold",
"Regress HLA","optical_field",5.10449172,0.00002147,"3.135 V","CMIS",,,,"VccMonLowWarningThreshold",
"Regress HLA","optical_field",5.10453723,0.00002148,"0 (raw) [assumed custom]","CMIS",,,,"Aux1MonHighAlarmThreshold",
"Regress HLA","optical_field",5.10458275,0.00002148,"0 (raw) [assumed custom]","CMIS",,,,"Aux1MonLowAlarmThreshold",
"Regress HLA","optical_field",5.10462827,0.00002177,"0 (raw) [assumed custom]","CMIS",,,,"Aux1MonHighWarningThreshold",
"Regress HLA","optical_field",5.10467408,0.00002148,"0 (raw) [assumed custom]","CMIS",,,,"Aux1MonLowWarningThreshold",
"Regress HLA","optical_field",5.1047196,0.00002148,"0.00 °C [assumed laser_temperature]","CMIS",,,,"Aux2MonHighAlarmThreshold",
"Regress HLA","optical_field",5.10476512,0.00002148,"0.00 °C [assumed laser_temperature]","CMIS",,,,"Aux2MonLowAlarmThreshold",
"Regress HLA","optical_field",5.10481064,0.00002148,"0.00 °C [assumed laser_temperature]","CMIS",,,,"Aux2MonHighWarningThreshold",
"Regress HLA","optical_field",5.10485616,0.00002148,"0.00 °C [assumed laser_temperature]","CMIS",,,,"Aux2MonLowWarningThreshold",
"Regress HLA","optical_field",5.10490168,0.00002148,"0.00 °C [assumed laser_temperature]","CMIS",,,,"Aux3MonHighAlarmThreshold",
"Regress HLA","optical_field",5.1049472,0.00002177,"0.00 °C [assumed laser_temperature]","CMIS",,,,"Aux3MonLowAlarmThreshold",
"Regress HLA","optical_field",5.10499301,0.00002148,"0.00 °C [assumed laser_temperature]","CMIS",,,,"Aux3MonHighWarningThreshold",
"Regress HLA","optical_field",5.10503854,0.00002147,"0.00 °C [assumed laser_temperature]","CMIS",,,,"Aux3MonLowWarningThreshold",
"Regress HLA","optical_field",5.10508405,0.00002148,"0 (raw)","CMIS",,,,"CustomMonHighAlarmThreshold",
"Regress HLA","optical_field",5.10512957,0.00002148,"0 (raw)","CMIS",,,,"CustomMonLowAlarmThreshold",
"Regress HLA","optical_field",5.10517509,0.00002148,"0 (raw)","CMIS",,,,"CustomMonHighWarningThreshold",
"Regress HLA","optical_field",5.10522061,0.00002148,"0 (raw)","CMIS",,,,"CustomMonLowWarningThreshold",
"Regress HLA","optical_field",5.10526613,0.00002177,"6.80 dBm (4786.3 uW)","CMIS",,,,"OpticalPowerTxHighAlarmThreshold",
"Regress HLA","optical_field",5.10531194,0.00002148,"-3.90 dBm (407.4 uW)","CMIS",,,,"OpticalPowerTxLowAlarmThreshold",
"Regress HLA","optical_field",5.10535746,0.00002148,"4.80 dBm (3020.0 uW)","CMIS",,,,"OpticalPowerTxHighWarningThreshold",
"Regress HLA","optical_field",5.10540298,0.00002148,"-1.90 dBm (645.7 uW)","CMIS",,,,"OpticalPowerTxLowWarningThreshold",
"Regress HLA","optical_field",5.1054485,0.00002148,"100.00 mA (x1 assumed)","CMIS",,,,"LaserBiasHighAlarmThreshold",
"Regress HLA","optical_field",5.10549402,0.00002147,"10.00 mA (x1 assumed)","CMIS",,,,"LaserBiasLowAlarmThreshold",
"Regress HLA","optical_field",5.10553954,0.00002147,"95.00 mA (x1 assumed)","CMIS",,,,"LaserBiasHighWarningThreshold",
"Regress HLA","optical_field",5.10558506,0.00002177,"15.00 mA (x1 assumed)","CMIS",,,,"LaserBiasLowWarningThreshold",
"Regress HLA","optical_field",5.10563087,0.00002148,"6.30 dBm (4265.8 uW)","CMIS",,,,"OpticalPowerRxHighAlarmThreshold",
"Regress HLA","optical_field",5.10567638,0.00002149,"-11.20 dBm (75.9 uW)","CMIS",,,,"OpticalPowerRxLowAlarmThreshold",
"Regress HLA","optical_field",5.10572191,0.00002148,"5.80 dBm (3801.9 uW)","CMIS",,,,"OpticalPowerRxHighWarningThreshold",
"Regress HLA","optical_field",5.10576742,0.00002134,"-10.20 dBm (95.5 uW)","CMIS",,,,"OpticalPowerRxLowWarningThreshold",
"Regress HLA","optical_compliance",5.10579144,0.00000001,,"CMIS","warning","THRESHOLD_UNINITIALIZED",,,"[THRESHOLD_UNINITIALIZED] TempMonLowWarningThreshold is 0 - threshold not programmed"
"Regress HLA","optical_event",5.10910092,0.00002169,,"CMIS",,,"Set Reg Address -> 0x7F (127)",,
"Regress HLA","optical_event",5.10912389,0.00002112,,"CMIS",,,"Page Select -> Page 0x10",,
"Regress HLA","optical_event",5.11910116,0.00002115,,"CMIS",,,"Set Reg Address -> 0x80 (128)",,
"Regress HLA","optical_field",5.11915042,0.00002153,"0x00 (initialize all lanes)","CMIS",,,,"DP Deinit Lanes",
"Regress HLA","optical_event",5.11917323,0.00002148,,"CMIS",,,"Read Reg[0x81] = 0x00",,
"Regress HLA","optical_event",5.11919599,0.00002148,,"CMIS",,,"Read Reg[0x82] = 0x00",,
"Regress HLA","optical_event",5.11921875,0.00002148,,"CMIS",,,"Read Reg[0x83] = 0x00",,
"Regress HLA","optical_event",5.11924151,0.00002148,,"CMIS",,,"Read Reg[0x84] = 0x00",,
"Regress HLA","optical_event",5.11926427,0.00002148,,"CMIS",,,"Read Reg[0x85] = 0x00",,
"Regress HLA","optical_event",5.11928703,0.00002148,,"CMIS",,,"Read Reg[0x86] = 0x00",,
"Regress HLA","optical_event",5.11930979,0.00002148,,"CMIS",,,"Read Reg[0x87] = 0x00",,
"Regress HLA","optical_event",5.11933255,0.00002148,,"CMIS",,,"Read Reg[0x88] = 0x00",,
"Regress HLA","optical_event",5.1193557,0.00002147,,"CMIS",,,"Read Reg[0x89] = 0x00",,
"Regress HLA","optical_event",5.11937846,0.00002147,,"CMIS",,,"Read Reg[0x8A] = 0x00",,
"Regress HLA","optical_event",5.11940121,0.00002148,,"CMIS",,,"Read Reg[0x8B] = 0x00",,
"Regress HLA","optical_event",5.11942398,0.00002147,,"CMIS",,,"Read Reg[0x8C] = 0x00",,
"Regress HLA","optical_event",5.11944673,0.00002148,,"CMIS",,,"Read Reg[0x8D] = 0x00",,
"Regress HLA","optical_event",5.11946949,0.00002148,,"CMIS",,,"Read Reg[0x8E] = 0x00",,
"Regress HLA","optical_field",5.11949225,0.00002148,"no lanes selected","CMIS",,,,"ApplyDPInit",
"Regress HLA","optical_field",5.11951501,0.00002148,"no lanes selected","CMIS",,,,"ApplyImmediate",
"Regress HLA","optical_field",5.11953777,0.00002148,"AppSel=1, DataPathID=0, ExplicitControl=0","CMIS",,,,"Lane 1 DataPath Ctrl",
"Regress HLA","optical_field",5.11956053,0.00002148,"AppSel=1, DataPathID=0, ExplicitControl=0","CMIS",,,,"Lane 2 DataPath Ctrl",
"Regress HLA","optical_field",5.11958329,0.00002148,"AppSel=1, DataPathID=2, ExplicitControl=0","CMIS",,,,"Lane 3 DataPath Ctrl",
"Regress HLA","optical_field",5.11960605,0.00002148,"AppSel=1, DataPathID=2, ExplicitControl=0","CMIS",,,,"Lane 4 DataPath Ctrl",
"Regress HLA","optical_field",5.11962881,0.00002148,"AppSel=1, DataPathID=4, ExplicitControl=0","CMIS",,,,"Lane 5 DataPath Ctrl",
"Regress HLA","optical_field",5.11965157,0.00002148,"AppSel=1, DataPathID=4, ExplicitControl=0","CMIS",,,,"Lane 6 DataPath Ctrl",
"Regress HLA","optical_field",5.11967462,0.00002148,"AppSel=1, DataPathID=6, ExplicitControl=0","CMIS",,,,"Lane 7 DataPath Ctrl",
"Regress HLA","optical_field",5.11969738,0.00002148,"AppSel=1, DataPathID=6, ExplicitControl=0","CMIS",,,,"Lane 8 DataPath Ctrl",
"Regress HLA","optical_event",5.11972014,0.00002148,,"CMIS",,,"Read Reg[0x99] = 0xFF",,
"Regress HLA","optical_event",5.1197429,0.00002148,,"CMIS",,,"Read Reg[0x9A] = 0x00",,
"Regress HLA","optical_event",5.11976566,0.00002148,,"CMIS",,,"Read Reg[0x9B] = 0x00",,
"Regress HLA","optical_event",5.11978842,0.00002148,,"CMIS",,,"Read Reg[0x9C] = 0x00",,
"Regress HLA","optical_event",5.11981118,0.00002148,,"CMIS",,,"Read Reg[0x9D] = 0x00",,
"Regress HLA","optical_event",5.11983394,0.00002147,,"CMIS",,,"Read Reg[0x9E] = 0x00",,
"Regress HLA","optical_event",5.11985669,0.00002134,,"CMIS",,,"Read Reg[0x9F] = 0x00",,
"Regress HLA","optical_event",5.12110099,0.0000213,,"CMIS",,,"Set Reg Address -> 0x7F (127)",,
"Regress HLA","optical_event",5.12112357,0.00002112,,"CMIS",,,"Page Select -> Page 0x11",,
"Regress HLA","optical_event",5.13410175,0.00002114,,"CMIS",,,"Set Reg Address -> 0x86 (134)",,
"Regress HLA","optical_field",5.13415101,0.00002153,"0x00 (none)","CMIS",,,,"DP State Changed Flags",
"Regress HLA","optical_field",5.13417382,0.00002148,"0x00 (none)","CMIS",,,,"Tx Fault Flags",
"Regress HLA","optical_field",5.13419658,0.00002148,"0x00 (none)","CMIS",,,,"Tx LOS Flags",
"Regress HLA","optical_field",5.13421934,0.00002148,"0x00 (none)","CMIS",,,,"Tx CDRLOL Flags",
"Regress HLA","optical_field",5.1342421,0.00002148,"0x00 (none)","CMIS",,,,"Tx Adaptive EQ Fail Flags",
"Regress HLA","optical_field",5.13426486,0.00002148,"0x00 (none)","CMIS",,,,"Tx Power High Alarm Flags",
"Regress HLA","optical_field",5.13428762,0.00002148,"0x00 (none)","CMIS",,,,"Tx Power Low Alarm Flags",
"Regress HLA","optical_field",5.13431038,0.00002148,"0x00 (none)","CMIS",,,,"Tx Power High Warn Flags",
"Regress HLA","optical_field",5.13433314,0.00002148,"0x00 (none)","CMIS",,,,"Tx Power Low Warn Flags",
"Regress HLA","optical_field",5.1343559,0.00002148,"0x00 (none)","CMIS",,,,"Tx Bias High Alarm Flags",
"Regress HLA","optical_field",5.13437866,0.00002177,"0x00 (none)","CMIS",,,,"Tx Bias Low Alarm Flags",
"Regress HLA","optical_field",5.13440171,0.00002148,"0x00 (none)","CMIS",,,,"Tx Bias High Warn Flags",
"Regress HLA","optical_field",5.13442447,0.00002148,"0x00 (none)","CMIS",,,,"Tx Bias Low Warn Flags",
"Regress HLA","optical_field",5.13444723,0.00002148,"0xFF (1, 2, 3, 4, 5, 6, 7, 8)","CMIS",,,,"Rx LOS Flags",
"Regress HLA","optical_field",5.13446999,0.00002148,"0x00 (none)","CMIS",,,,"Rx LOL Flags",
"Regress HLA","optical_field",5.13449275,0.00002148,"0x00 (none)","CMIS",,,,"Rx Power High Alarm Flags",
"Regress HLA","optical_field",5.13451551,0.00002148,"0x00 (none)","CMIS",,,,"Rx Power Low Alarm Flags",
"Regress HLA","optical_field",5.13453827,0.00002148,"0x00 (none)","CMIS",,,,"Rx Power High Warn Flags",
"Regress HLA","optical_field",5.13456103,0.00002148,"0x00 (none)","CMIS",,,,"Rx Power Low Warn Flags",
"Regress HLA","optical_field",5.13458379,0.00002148,"0x00 (none)","CMIS",,,,"Rx Output Status Changed Flags",
"Regress HLA","optical_field",5.13462931,0.00002148,"-40.00 dBm (0.1 uW)","CMIS",,,,"OpticalPowerTx1",
"Regress HLA","optical_field",5.13467482,0.00002149,"-40.00 dBm (0.1 uW)","CMIS",,,,"OpticalPowerTx2",
"Regress HLA","optical_field",5.13472063,0.00002149,"-40.00 dBm (0.1 uW)","CMIS",,,,"OpticalPowerTx3",
"Regress HLA","optical_field",5.13476616,0.00002148,"-40.00 dBm (0.1 uW)","CMIS",,,,"OpticalPowerTx4",
"Regress HLA","optical_field",5.13481168,0.00002148,"-40.00 dBm (0.1 uW)","CMIS",,,,"OpticalPowerTx5",
"Regress HLA","optical_field",5.1348572,0.00002148,"-40.00 dBm (0.1 uW)","CMIS",,,,"OpticalPowerTx6",
"Regress HLA","optical_field",5.13490272,0.00002148,"-40.00 dBm (0.1 uW)","CMIS",,,,"OpticalPowerTx7",
"Regress HLA","optical_field",5.13494824,0.00002147,"-40.00 dBm (0.1 uW)","CMIS",,,,"OpticalPowerTx8",
"Regress HLA","optical_field",5.13499376,0.00002147,"0.00 mA (x1 assumed)","CMIS",,,,"LaserBiasTx1",
"Regress HLA","optical_field",5.13503957,0.00002148,"0.00 mA (x1 assumed)","CMIS",,,,"LaserBiasTx2",
"Regress HLA","optical_field",5.13508509,0.00002147,"0.00 mA (x1 assumed)","CMIS",,,,"LaserBiasTx3",
"Regress HLA","optical_field",5.1351306,0.00002149,"0.00 mA (x1 assumed)","CMIS",,,,"LaserBiasTx4",
"Regress HLA","optical_field",5.13517613,0.00002147,"0.00 mA (x1 assumed)","CMIS",,,,"LaserBiasTx5",
"Regress HLA","optical_field",5.13522165,0.00002147,"0.00 mA (x1 assumed)","CMIS",,,,"LaserBiasTx6",
"Regress HLA","optical_field",5.13526717,0.00002147,"0.00 mA (x1 assumed)","CMIS",,,,"LaserBiasTx7",
"Regress HLA","optical_field",5.13531269,0.00002147,"0.00 mA (x1 assumed)","CMIS",,,,"LaserBiasTx8",
"Regress HLA","optical_field",5.1353585,0.00002147,"-40.00 dBm (0.1 uW)","CMIS",,,,"OpticalPowerRx1",
"Regress HLA","optical_field",5.13540401,0.00002148,"-40.00 dBm (0.1 uW)","CMIS",,,,"OpticalPowerRx2",
"Regress HLA","optical_field",5.13544953,0.00002148,"-40.00 dBm (0.1 uW)","CMIS",,,,"OpticalPowerRx3",
"Regress HLA","optical_field",5.13549505,0.00002148,"-40.00 dBm (0.1 uW)","CMIS",,,,"OpticalPowerRx4",
"Regress HLA","optical_field",5.13554057,0.00002148,"-40.00 dBm (0.1 uW)","CMIS",,,,"OpticalPowerRx5",
"Regress HLA","optical_field",5.13558609,0.00002148,"-40.00 dBm (0.1 uW)","CMIS",,,,"OpticalPowerRx6",
"Regress HLA","optical_field",5.13563161,0.00002148,"-40.00 dBm (0.1 uW)","CMIS",,,,"OpticalPowerRx7",
"Regress HLA","optical_field",5.13567741,0.00002135,"-40.00 dBm (0.1 uW)","CMIS",,,,"OpticalPowerRx8",
"Regress HLA","optical_event",5.59110226,0.00002115,,"CMIS",,,"Set Reg Address -> 0x03 (3)",,
"Regress HLA","optical_field",5.59115152,0.00002153,"PwrUp (Powering Up)","CMIS",,,,"Module State",
"Regress HLA","optical_field",5.59117433,0.00002148,"Page11h","CMIS",,,,"Flags Summary (bank 0)",
"Regress HLA","optical_field",5.59119709,0.00002148,"Page11h","CMIS",,,,"Flags Summary (bank 1)",
"Regress HLA","optical_field",5.59121985,0.00002148,"OK (Normal)","CMIS",,,,"Flags Summary (bank 2)",
"Regress HLA","optical_field",5.59124261,0.00002148,"OK (Normal)","CMIS",,,,"Flags Summary (bank 3)",
"Regress HLA","optical_field",5.59126537,0.00002148,"OK (Normal)","CMIS",,,,"Module Flags",
"Regress HLA","optical_field",5.59128813,0.00002148,"VccHighWarn","CMIS",,,,"Global Flags",
"Regress HLA","optical_field",5.59131089,0.00002147,"OK (Normal)","CMIS",,,,"Aux 1/2 Flags",
"Regress HLA","optical_field",5.59133365,0.00002186,"OK (Normal)","CMIS",,,,"Aux 3 / Custom Flags",
"Regress HLA","optical_event",5.59135679,0.00002148,,"CMIS",,,"Read Reg[0x0C] = 0x00",,
"Regress HLA","optical_event",5.59137955,0.00002148,,"CMIS",,,"Read Reg[0x0D] = 0x00",,
"Regress HLA","optical_field",5.59142507,0.00002148,"39.81 °C","CMIS",,,,"Module Temperature",
"Regress HLA","optical_field",5.59147059,0.00002148,"3.591 V","CMIS",,,,"Supply Voltage Vcc",
"Regress HLA","optical_field",5.59151611,0.00002148,"0 (raw) [assumed custom]","CMIS",,,,"Aux1MonValue",
"Regress HLA","optical_field",5.59156163,0.00002148,"0.00 °C [assumed laser_temperature]","CMIS",,,,"Aux2MonValue",
"Regress HLA","optical_field",5.59160715,0.00002148,"0.00 °C [assumed laser_temperature]","CMIS",,,,"Aux3MonValue",
"Regress HLA","optical_field",5.59165267,0.00002176,"0 (raw)","CMIS",,,,"CustomMonValue",
"Regress HLA","optical_field",5.59167571,0.00002134,"LowPwrAllowRequestHW","CMIS",,,,"Module Control",
"Regress HLA","optical_event",5.59310254,0.0000213,,"CMIS",,,"Set Reg Address -> 0x7F (127)",,
"Regress HLA","optical_event",5.59312513,0.00002112,,"CMIS",,,"Page Select -> Page 0x02",,
"Regress HLA","optical_event",5.60710201,0.00002115,,"CMIS",,,"Set Reg Address -> 0x80 (128)",,
"Regress HLA","optical_field",5.60717409,0.00002148,"75.00 °C","CMIS",,,,"TempMonHighAlarmThreshold",
"Regress HLA","optical_field",5.60721961,0.00002148,"-5.00 °C","CMIS",,,,"TempMonLowAlarmThreshold",
"Regress HLA","optical_field",5.60726512,0.00002148,"70.00 °C","CMIS",,,,"TempMonHighWarningThreshold",
"Regress HLA","optical_field",5.60731065,0.00002147,"0.00 °C","CMIS",,,,"TempMonLowWarningThreshold",
"Regress HLA","optical_field",5.60735656,0.00002148,"3.630 V","CMIS",,,,"VccMonHighAlarmThreshold",
"Regress HLA","optical_field",5.60740208,0.00002148,"2.970 V","CMIS",,,,"VccMonLowAlarmThreshold",
"Regress HLA","optical_field",5.6074476,0.00002148,"3.465 V","CMIS",,,,"VccMonHighWarningThreshold",
"Regress HLA","optical_field",5.60749312,0.00002148,"3.135 V","CMIS",,,,"VccMonLowWarningThreshold",
"Regress HLA","optical_field",5.60753864,0.00002148,"0 (raw) [assumed custom]","CMIS",,,,"Aux1MonHighAlarmThreshold",
"Regress HLA","optical_field",5.60758416,0.00002148,"0 (raw) [assumed custom]","CMIS",,,,"Aux1MonLowAlarmThreshold",
"Regress HLA","optical_field",5.60762968,0.00002148,"0 (raw) [assumed custom]","CMIS",,,,"Aux1MonHighWarningThreshold",
"Regress HLA","optical_field",5.60767549,0.00002148,"0 (raw) [assumed custom]","CMIS",,,,"Aux1MonLowWarningThreshold",
"Regress HLA","optical_field",5.60772101,0.00002148,"0.00 °C [assumed laser_temperature]","CMIS",,,,"Aux2MonHighAlarmThreshold",
"Regress HLA","optical_field",5.60776653,0.00002148,"0.00 °C [assumed laser_temperature]","CMIS",,,,"Aux2MonLowAlarmThreshold",
"Regress HLA","optical_field",5.60781205,0.00002148,"0.00 °C [assumed laser_temperature]","CMIS",,,,"Aux2MonHighWarningThreshold",
"Regress HLA","optical_field",5.60785757,0.00002148,"0.00 °C [assumed laser_temperature]","CMIS",,,,"Aux2MonLowWarningThreshold",
"Regress HLA","optical_field",5.60790309,0.00002147,"0.00 °C [assumed laser_temperature]","CMIS",,,,"Aux3MonHighAlarmThreshold",
"Regress HLA","optical_field",5.60794861,0.00002147,"0.00 °C [assumed laser_temperature]","CMIS",,,,"Aux3MonLowAlarmThreshold",
"Regress HLA","optical_field",5.60799442,0.00002148,"0.00 °C [assumed laser_temperature]","CMIS",,,,"Aux3MonHighWarningThreshold",
"Regress HLA","optical_field",5.60803994,0.00002148,"0.00 °C [assumed laser_temperature]","CMIS",,,,"Aux3MonLowWarningThreshold",
"Regress HLA","optical_field",5.60808545,0.00002148,"0 (raw)","CMIS",,,,"CustomMonHighAlarmThreshold",
"Regress HLA","optical_field",5.60813097,0.00002148,"0 (raw)","CMIS",,,,"CustomMonLowAlarmThreshold",
"Regress HLA","optical_field",5.6081765,0.00002147,"0 (raw)","CMIS",,,,"CustomMonHighWarningThreshold",
"Regress HLA","optical_field",5.60822201,0.00002148,"0 (raw)","CMIS",,,,"CustomMonLowWarningThreshold",
"Regress HLA","optical_field",5.60826753,0.00002148,"6.80 dBm (4786.3 uW)","CMIS",,,,"OpticalPowerTxHighAlarmThreshold",
"Regress HLA","optical_field",5.60831334,0.00002148,"-3.90 dBm (407.4 uW)","CMIS",,,,"OpticalPowerTxLowAlarmThreshold",
"Regress HLA","optical_field",5.60835886,0.00002148,"4.80 dBm (3020.0 uW)","CMIS",,,,"OpticalPowerTxHighWarningThreshold",
"Regress HLA","optical_field",5.60840438,0.00002148,"-1.90 dBm (645.7 uW)","CMIS",,,,"OpticalPowerTxLowWarningThreshold",
"Regress HLA","optical_field",5.6084499,0.00002148,"100.00 mA (x1 assumed)","CMIS",,,,"LaserBiasHighAlarmThreshold",
"Regress HLA","optical_field",5.60849542,0.00002148,"10.00 mA (x1 assumed)","CMIS",,,,"LaserBiasLowAlarmThreshold",
"Regress HLA","optical_field",5.60854094,0.00002148,"95.00 mA (x1 assumed)","CMIS",,,,"LaserBiasHighWarningThreshold",
"Regress HLA","optical_field",5.60858646,0.00002148,"15.00 mA (x1 assumed)","CMIS",,,,"LaserBiasLowWarningThreshold",
"Regress HLA","optical_field",5.60863227,0.00002148,"6.30 dBm (4265.8 uW)","CMIS",,,,"OpticalPowerRxHighAlarmThreshold",
"Regress HLA","optical_field",5.60867779,0.00002148,"-11.20 dBm (75.9 uW)","CMIS",,,,"OpticalPowerRxLowAlarmThreshold",
"Regress HLA","optical_field",5.60872331,0.00002148,"5.80 dBm (3801.9 uW)","CMIS",,,,"OpticalPowerRxHighWarningThreshold",
"Regress HLA","optical_field",5.60876882,0.00002134,"-10.20 dBm (95.5 uW)","CMIS",,,,"OpticalPowerRxLowWarningThreshold",
"Regress HLA","optical_compliance",5.60879284,0.00000001,,"CMIS","warning","THRESHOLD_UNINITIALIZED",,,"[THRESHOLD_UNINITIALIZED] TempMonLowWarningThreshold is 0 - threshold not programmed"
"Regress HLA","optical_event",5.61210253,0.0000213,,"CMIS",,,"Set Reg Address -> 0x7F (127)",,
"Regress HLA","optical_event",5.61212512,0.00002152,,"CMIS",,,"Page Select -> Page 0x10",,
"Regress HLA","optical_event",5.62310268,0.00002115,,"CMIS",,,"Set Reg Address -> 0x80 (128)",,
"Regress HLA","optical_field",5.62315194,0.00002153,"0x00 (initialize all lanes)","CMIS",,,,"DP Deinit Lanes",
"Regress HLA","optical_event",5.62317475,0.00002148,,"CMIS",,,"Read Reg[0x81] = 0x00",,
"Regress HLA","optical_event",5.62319751,0.00002148,,"CMIS",,,"Read Reg[0x82] = 0x00",,
"Regress HLA","optical_event",5.62322027,0.00002148,,"CMIS",,,"Read Reg[0x83] = 0x00",,
"Regress HLA","optical_event",5.62324303,0.00002148,,"CMIS",,,"Read Reg[0x84] = 0x00",,
"Regress HLA","optical_event",5.62326579,0.00002148,,"CMIS",,,"Read Reg[0x85] = 0x00",,
"Regress HLA","optical_event",5.62328855,0.00002148,,"CMIS",,,"Read Reg[0x86] = 0x00",,
"Regress HLA","optical_event",5.62331131,0.00002148,,"CMIS",,,"Read Reg[0x87] = 0x00",,
"Regress HLA","optical_event",5.62333407,0.00002187,,"CMIS",,,"Read Reg[0x88] = 0x00",,
"Regress HLA","optical_event",5.62335723,0.00002147,,"CMIS",,,"Read Reg[0x89] = 0x00",,
"Regress HLA","optical_event",5.62337999,0.00002147,,"CMIS",,,"Read Reg[0x8A] = 0x00",,
"Regress HLA","optical_event",5.62340275,0.00002147,,"CMIS",,,"Read Reg[0x8B] = 0x00",,
"Regress HLA","optical_event",5.62342551,0.00002147,,"CMIS",,,"Read Reg[0x8C] = 0x00",,
"Regress HLA","optical_event",5.62344826,0.00002148,,"CMIS",,,"Read Reg[0x8D] = 0x00",,
"Regress HLA","optical_event",5.62347103,0.00002147,,"CMIS",,,"Read Reg[0x8E] = 0x00",,
"Regress HLA","optical_field",5.62349379,0.00002147,"no lanes selected","CMIS",,,,"ApplyDPInit",
"Regress HLA","optical_field",5.62351654,0.00002148,"no lanes selected","CMIS",,,,"ApplyImmediate",
"Regress HLA","optical_field",5.6235393,0.00002148,"AppSel=1, DataPathID=0, ExplicitControl=0","CMIS",,,,"Lane 1 DataPath Ctrl",
"Regress HLA","optical_field",5.62356206,0.00002148,"AppSel=1, DataPathID=0, ExplicitControl=0","CMIS",,,,"Lane 2 DataPath Ctrl",
"Regress HLA","optical_field",5.62358482,0.00002148,"AppSel=1, DataPathID=2, ExplicitControl=0","CMIS",,,,"Lane 3 DataPath Ctrl",
"Regress HLA","optical_field",5.62360758,0.00002148,"AppSel=1, DataPathID=2, ExplicitControl=0","CMIS",,,,"Lane 4 DataPath Ctrl",
"Regress HLA","optical_field",5.62363034,0.00002148,"AppSel=1, DataPathID=4, ExplicitControl=0","CMIS",,,,"Lane 5 DataPath Ctrl",
"Regress HLA","optical_field",5.6236531,0.00002177,"AppSel=1, DataPathID=4, ExplicitControl=0","CMIS",,,,"Lane 6 DataPath Ctrl",
"Regress HLA","optical_field",5.62367615,0.00002148,"AppSel=1, DataPathID=6, ExplicitControl=0","CMIS",,,,"Lane 7 DataPath Ctrl",
"Regress HLA","optical_field",5.62369891,0.00002148,"AppSel=1, DataPathID=6, ExplicitControl=0","CMIS",,,,"Lane 8 DataPath Ctrl",
"Regress HLA","optical_event",5.62372167,0.00002148,,"CMIS",,,"Read Reg[0x99] = 0xFF",,
"Regress HLA","optical_event",5.62374443,0.00002148,,"CMIS",,,"Read Reg[0x9A] = 0x00",,
"Regress HLA","optical_event",5.62376719,0.00002148,,"CMIS",,,"Read Reg[0x9B] = 0x00",,
"Regress HLA","optical_event",5.62378995,0.00002148,,"CMIS",,,"Read Reg[0x9C] = 0x00",,
"Regress HLA","optical_event",5.62381271,0.00002148,,"CMIS",,,"Read Reg[0x9D] = 0x00",,
"Regress HLA","optical_event",5.62383547,0.00002147,,"CMIS",,,"Read Reg[0x9E] = 0x00",,
"Regress HLA","optical_event",5.62385822,0.00002134,,"CMIS",,,"Read Reg[0x9F] = 0x00",,
"Regress HLA","optical_event",5.62510245,0.00002131,,"CMIS",,,"Set Reg Address -> 0x7F (127)",,
"Regress HLA","optical_event",5.62512504,0.00002112,,"CMIS",,,"Page Select -> Page 0x11",,
"Regress HLA","optical_event",5.63810305,0.00002115,,"CMIS",,,"Set Reg Address -> 0x86 (134)",,
"Regress HLA","optical_field",5.63815231,0.00002153,"0x00 (none)","CMIS",,,,"DP State Changed Flags",
"Regress HLA","optical_field",5.63817512,0.00002148,"0x00 (none)","CMIS",,,,"Tx Fault Flags",
"Regress HLA","optical_field",5.63819788,0.00002148,"0x00 (none)","CMIS",,,,"Tx LOS Flags",
"Regress HLA","optical_field",5.63822064,0.00002148,"0x00 (none)","CMIS",,,,"Tx CDRLOL Flags",
"Regress HLA","optical_field",5.6382434,0.00002148,"0x00 (none)","CMIS",,,,"Tx Adaptive EQ Fail Flags",
"Regress HLA","optical_field",5.63826616,0.00002148,"0x00 (none)","CMIS",,,,"Tx Power High Alarm Flags",
"Regress HLA","optical_field",5.63828892,0.00002148,"0x00 (none)","CMIS",,,,"Tx Power Low Alarm Flags",
"Regress HLA","optical_field",5.63831168,0.00002148,"0x00 (none)","CMIS",,,,"Tx Power High Warn Flags",
"Regress HLA","optical_field",5.63833444,0.00002148,"0x00 (none)","CMIS",,,,"Tx Power Low Warn Flags",
"Regress HLA","optical_field",5.6383572,0.00002187,"0x00 (none)","CMIS",,,,"Tx Bias High Alarm Flags",
"Regress HLA","optical_field",5.63838035,0.00002148,"0x00 (none)","CMIS",,,,"Tx Bias Low Alarm Flags",
"Regress HLA","optical_field",5.63840311,0.00002148,"0x00 (none)","CMIS",,,,"Tx Bias High Warn Flags",
"Regress HLA","optical_field",5.63842587,0.00002147,"0x00 (none)","CMIS",,,,"Tx Bias Low Warn Flags",
"Regress HLA","optical_field",5.63844863,0.00002147,"0xFF (1, 2, 3, 4, 5, 6, 7, 8)","CMIS",,,,"Rx LOS Flags",
"Regress HLA","optical_field",5.63847138,0.00002148,"0x00 (none)","CMIS",,,,"Rx LOL Flags",
"Regress HLA","optical_field",5.63849414,0.00002148,"0x00 (none)","CMIS",,,,"Rx Power High Alarm Flags",
"Regress HLA","optical_field",5.63851691,0.00002147,"0x00 (none)","CMIS",,,,"Rx Power Low Alarm Flags",
"Regress HLA","optical_field",5.63853966,0.00002148,"0x00 (none)","CMIS",,,,"Rx Power High Warn Flags",
"Regress HLA","optical_field",5.63856243,0.00002147,"0x00 (none)","CMIS",,,,"Rx Power Low Warn Flags",
"Regress HLA","optical_field",5.63858519,0.00002147,"0x00 (none)","CMIS",,,,"Rx Output Status Changed Flags",
"Regress HLA","optical_field",5.6386307,0.00002148,"-40.00 dBm (0.1 uW)","CMIS",,,,"OpticalPowerTx1",
"Regress HLA","optical_field",5.63867622,0.00002148,"-40.00 dBm (0.1 uW)","CMIS",,,,"OpticalPowerTx2",
"Regress HLA","optical_field",5.63872203,0.00002148,"-40.00 dBm (0.1 uW)","CMIS",,,,"OpticalPowerTx3",
"Regress HLA","optical_field",5.63876756,0.00002147,"-40.00 dBm (0.1 uW)","CMIS",,,,"OpticalPowerTx4",
"Regress HLA","optical_field",5.63881307,0.00002148,"-40.00 dBm (0.1 uW)","CMIS",,,,"OpticalPowerTx5",
"Regress HLA","optical_field",5.63885859,0.00002148,"-40.00 dBm (0.1 uW)","CMIS",,,,"OpticalPowerTx6",
"Regress HLA","optical_field",5.63890411,0.00002148,"-40.00 dBm (0.1 uW)","CMIS",,,,"OpticalPowerTx7",
"Regress HLA","optical_field",5.63894963,0.00002148,"-40.00 dBm (0.1 uW)","CMIS",,,,"OpticalPowerTx8",
"Regress HLA","optical_field",5.63899515,0.00002148,"0.00 mA (x1 assumed)","CMIS",,,,"LaserBiasTx1",
"Regress HLA","optical_field",5.63904096,0.00002148,"0.00 mA (x1 assumed)","CMIS",,,,"LaserBiasTx2",
"Regress HLA","optical_field",5.63908648,0.00002148,"0.00 mA (x1 assumed)","CMIS",,,,"LaserBiasTx3",
"Regress HLA","optical_field",5.639132,0.00002148,"0.00 mA (x1 assumed)","CMIS",,,,"LaserBiasTx4",
"Regress HLA","optical_field",5.63917752,0.00002148,"0.00 mA (x1 assumed)","CMIS",,,,"LaserBiasTx5",
"Regress HLA","optical_field",5.63922304,0.00002148,"0.00 mA (x1 assumed)","CMIS",,,,"LaserBiasTx6",
"Regress HLA","optical_field",5.63926856,0.00002148,"0.00 mA (x1 assumed)","CMIS",,,,"LaserBiasTx7",
"Regress HLA","optical_field",5.63931408,0.00002148,"0.00 mA (x1 assumed)","CMIS",,,,"LaserBiasTx8",
"Regress HLA","optical_field",5.63935989,0.00002148,"-40.00 dBm (0.1 uW)","CMIS",,,,"OpticalPowerRx1",
"Regress HLA","optical_field",5.63940541,0.00002148,"-40.00 dBm (0.1 uW)","CMIS",,,,"OpticalPowerRx2",
"Regress HLA","optical_field",5.63945093,0.00002148,"-40.00 dBm (0.1 uW)","CMIS",,,,"OpticalPowerRx3",
"Regress HLA","optical_field",5.63949645,0.00002148,"-40.00 dBm (0.1 uW)","CMIS",,,,"OpticalPowerRx4",
"Regress HLA","optical_field",5.63954197,0.00002148,"-40.00 dBm (0.1 uW)","CMIS",,,,"OpticalPowerRx5",
"Regress HLA","optical_field",5.63958749,0.00002148,"-40.00 dBm (0.1 uW)","CMIS",,,,"OpticalPowerRx6",
"Regress HLA","optical_field",5.63963301,0.00002148,"-40.00 dBm (0.1 uW)","CMIS",,,,"OpticalPowerRx7",
"Regress HLA","optical_field",5.63967881,0.00002134,"-40.00 dBm (0.1 uW)","CMIS",,,,"OpticalPowerRx8",
"Regress HLA","optical_event",6.100104,0.00002153,,"CMIS",,,"Set Reg Address -> 0x03 (3)",,
"Regress HLA","optical_field",6.10015365,0.00002153,"PwrUp (Powering Up)","CMIS",,,,"Module State",
"Regress HLA","optical_field",6.10017646,0.00002148,"Page11h","CMIS",,,,"Flags Summary (bank 0)",
"Regress HLA","optical_field",6.10019922,0.00002148,"Page11h","CMIS",,,,"Flags Summary (bank 1)",
"Regress HLA","optical_field",6.10022198,0.00002148,"OK (Normal)","CMIS",,,,"Flags Summary (bank 2)",
"Regress HLA","optical_field",6.10024474,0.00002148,"OK (Normal)","CMIS",,,,"Flags Summary (bank 3)",
"Regress HLA","optical_field",6.1002675,0.00002148,"OK (Normal)","CMIS",,,,"Module Flags",
"Regress HLA","optical_field",6.10029025,0.00002149,"VccHighWarn","CMIS",,,,"Global Flags",
"Regress HLA","optical_field",6.10031302,0.00002147,"OK (Normal)","CMIS",,,,"Aux 1/2 Flags",
"Regress HLA","optical_field",6.10033578,0.00002148,"OK (Normal)","CMIS",,,,"Aux 3 / Custom Flags",
"Regress HLA","optical_event",6.10035854,0.00002148,,"CMIS",,,"Read Reg[0x0C] = 0x00",,
"Regress HLA","optical_event",6.1003813,0.00002147,,"CMIS",,,"Read Reg[0x0D] = 0x00",,
"Regress HLA","optical_field",6.10042681,0.00002177,"39.81 °C","CMIS",,,,"Module Temperature",
"Regress HLA","optical_field",6.10047262,0.00002147,"3.591 V","CMIS",,,,"Supply Voltage Vcc",
"Regress HLA","optical_field",6.10051814,0.00002148,"0 (raw) [assumed custom]","CMIS",,,,"Aux1MonValue",
"Regress HLA","optical_field",6.10056366,0.00002148,"0.00 °C [assumed laser_temperature]","CMIS",,,,"Aux2MonValue",
"Regress HLA","optical_field",6.10060917,0.00002148,"0.00 °C [assumed laser_temperature]","CMIS",,,,"Aux3MonValue",
"Regress HLA","optical_field",6.10065469,0.00002147,"0 (raw)","CMIS",,,,"CustomMonValue",
"Regress HLA","optical_field",6.10067744,0.00002135,"LowPwrAllowRequestHW","CMIS",,,,"Module Control",
"Regress HLA","optical_event",6.10210361,0.0000213,,"CMIS",,,"Set Reg Address -> 0x7F (127)",,
"Regress HLA","optical_event",6.10212619,0.00002113,,"CMIS",,,"Page Select -> Page 0x02",,
"Regress HLA","optical_event",6.11610368,0.00002154,,"CMIS",,,"Set Reg Address -> 0x80 (128)",,
"Regress HLA","optical_field",6.11617615,0.00002147,"75.00 °C","CMIS",,,,"TempMonHighAlarmThreshold",
"Regress HLA","optical_field",6.11622166,0.00002148,"-5.00 °C","CMIS",,,,"TempMonLowAlarmThreshold",
"Regress HLA","optical_field",6.11626718,0.00002148,"70.00 °C","CMIS",,,,"TempMonHighWarningThreshold",
"Regress HLA","optical_field",6.1163127,0.00002148,"0.00 °C","CMIS",,,,"TempMonLowWarningThreshold",
"Regress HLA","optical_field",6.11635822,0.00002148,"3.630 V","CMIS",,,,"VccMonHighAlarmThreshold",
"Regress HLA","optical_field",6.11640374,0.00002148,"2.970 V","CMIS",,,,"VccMonLowAlarmThreshold",
"Regress HLA","optical_field",6.11644954,0.00002148,"3.465 V","CMIS",,,,"VccMonHighWarningThreshold",
"Regress HLA","optical_field",6.11649506,0.00002148,"3.135 V","CMIS",,,,"VccMonLowWarningThreshold",
"Regress HLA","optical_field",6.11654058,0.00002148,"0 (raw) [assumed custom]","CMIS",,,,"Aux1MonHighAlarmThreshold",
"Regress HLA","optical_field",6.1165861,0.00002148,"0 (raw) [assumed custom]","CMIS",,,,"Aux1MonLowAlarmThreshold",
"Regress HLA","optical_field",6.11663162,0.00002148,"0 (raw) [assumed custom]","CMIS",,,,"Aux1MonHighWarningThreshold",
"Regress HLA","optical_field",6.11667714,0.00002148,"0 (raw) [assumed custom]","CMIS",,,,"Aux1MonLowWarningThreshold",
"Regress HLA","optical_field",6.11672266,0.00002148,"0.00 °C [assumed laser_temperature]","CMIS",,,,"Aux2MonHighAlarmThreshold",
"Regress HLA","optical_field",6.11676846,0.00002148,"0.00 °C [assumed laser_temperature]","CMIS",,,,"Aux2MonLowAlarmThreshold",
"Regress HLA","optical_field",6.11681398,0.00002148,"0.00 °C [assumed laser_temperature]","CMIS",,,,"Aux2MonHighWarningThreshold",
"Regress HLA","optical_field",6.1168595,0.00002148,"0.00 °C [assumed laser_temperature]","CMIS",,,,"Aux2MonLowWarningThreshold",
"Regress HLA","optical_field",6.11690502,0.00002148,"0.00 °C [assumed laser_temperature]","CMIS",,,,"Aux3MonHighAlarmThreshold",
"Regress HLA","optical_field",6.11695054,0.00002147,"0.00 °C [assumed laser_temperature]","CMIS",,,,"Aux3MonLowAlarmThreshold",
"Regress HLA","optical_field",6.11699606,0.00002147,"0.00 °C [assumed laser_temperature]","CMIS",,,,"Aux3MonHighWarningThreshold",
"Regress HLA","optical_field",6.11704157,0.00002148,"0.00 °C [assumed laser_temperature]","CMIS",,,,"Aux3MonLowWarningThreshold",
"Regress HLA","optical_field",6.11708739,0.00002148,"0 (raw)","CMIS",,,,"CustomMonHighAlarmThreshold",
"Regress HLA","optical_field",6.11713291,0.00002147,"0 (raw)","CMIS",,,,"CustomMonLowAlarmThreshold",
"Regress HLA","optical_field",6.11717843,0.00002148,"0 (raw)","CMIS",,,,"CustomMonHighWarningThreshold",
"Regress HLA","optical_field",6.11722394,0.00002148,"0 (raw)","CMIS",,,,"CustomMonLowWarningThreshold",
"Regress HLA","optical_field",6.11726947,0.00002147,"6.80 dBm (4786.3 uW)","CMIS",,,,"OpticalPowerTxHighAlarmThreshold",
"Regress HLA","optical_field",6.11731499,0.00002147,"-3.90 dBm (407.4 uW)","CMIS",,,,"OpticalPowerTxLowAlarmThreshold",
"Regress HLA","optical_field",6.11736051,0.00002147,"4.80 dBm (3020.0 uW)","CMIS",,,,"OpticalPowerTxHighWarningThreshold",
"Regress HLA","optical_field",6.11740631,0.00002148,"-1.90 dBm (645.7 uW)","CMIS",,,,"OpticalPowerTxLowWarningThreshold",
"Regress HLA","optical_field",6.11745184,0.00002147,"100.00 mA (x1 assumed)","CMIS",,,,"LaserBiasHighAlarmThreshold",
"Regress HLA","optical_field",6.11749736,0.00002147,"10.00 mA (x1 assumed)","CMIS",,,,"LaserBiasLowAlarmThreshold",
"Regress HLA","optical_field",6.11754287,0.00002148,"95.00 mA (x1 assumed)","CMIS",,,,"LaserBiasHighWarningThreshold",
"Regress HLA","optical_field",6.11758839,0.00002148,"15.00 mA (x1 assumed)","CMIS",,,,"LaserBiasLowWarningThreshold",
"Regress HLA","optical_field",6.11763391,0.00002148,"6.30 dBm (4265.8 uW)","CMIS",,,,"OpticalPowerRxHighAlarmThreshold",
"Regress HLA","optical_field",6.11767943,0.00002148,"-11.20 dBm (75.9 uW)","CMIS",,,,"OpticalPowerRxLowAlarmThreshold",
"Regress HLA","optical_field",6.11772524,0.00002148,"5.80 dBm (3801.9 uW)","CMIS",,,,"OpticalPowerRxHighWarningThreshold",
"Regress HLA","optical_field",6.11777075,0.00002135,"-10.20 dBm (95.5 uW)","CMIS",,,,"OpticalPowerRxLowWarningThreshold",
"Regress HLA","optical_compliance",6.11779477,0.00000001,,"CMIS","warning","THRESHOLD_UNINITIALIZED",,,"[THRESHOLD_UNINITIALIZED] TempMonLowWarningThreshold is 0 - threshold not programmed"
"Regress HLA","optical_event",6.12110374,0.0000213,,"CMIS",,,"Set Reg Address -> 0x7F (127)",,
"Regress HLA","optical_event",6.12112632,0.00002112,,"CMIS",,,"Page Select -> Page 0x10",,
"Regress HLA","optical_event",6.13210404,0.00002154,,"CMIS",,,"Set Reg Address -> 0x80 (128)",,
"Regress HLA","optical_field",6.13215369,0.00002154,"0x00 (initialize all lanes)","CMIS",,,,"DP Deinit Lanes",
"Regress HLA","optical_event",6.13217651,0.00002148,,"CMIS",,,"Read Reg[0x81] = 0x00",,
"Regress HLA","optical_event",6.13219927,0.00002147,,"CMIS",,,"Read Reg[0x82] = 0x00",,
"Regress HLA","optical_event",6.13222202,0.00002149,,"CMIS",,,"Read Reg[0x83] = 0x00",,
"Regress HLA","optical_event",6.13224479,0.00002147,,"CMIS",,,"Read Reg[0x84] = 0x00",,
"Regress HLA","optical_event",6.13226754,0.00002148,,"CMIS",,,"Read Reg[0x85] = 0x00",,
"Regress HLA","optical_event",6.1322903,0.00002149,,"CMIS",,,"Read Reg[0x86] = 0x00",,
"Regress HLA","optical_event",6.13231306,0.00002148,,"CMIS",,,"Read Reg[0x87] = 0x00",,
"Regress HLA","optical_event",6.13233582,0.00002148,,"CMIS",,,"Read Reg[0x88] = 0x00",,
"Regress HLA","optical_event",6.13235859,0.00002147,,"CMIS",,,"Read Reg[0x89] = 0x00",,
"Regress HLA","optical_event",6.13238134,0.00002148,,"CMIS",,,"Read Reg[0x8A] = 0x00",,
"Regress HLA","optical_event",6.1324041,0.00002148,,"CMIS",,,"Read Reg[0x8B] = 0x00",,
"Regress HLA","optical_event",6.13242687,0.00002176,,"CMIS",,,"Read Reg[0x8C] = 0x00",,
"Regress HLA","optical_event",6.13244991,0.00002148,,"CMIS",,,"Read Reg[0x8D] = 0x00",,
"Regress HLA","optical_event",6.13247267,0.00002148,,"CMIS",,,"Read Reg[0x8E] = 0x00",,
"Regress HLA","optical_field",6.13249544,0.00002147,"no lanes selected","CMIS",,,,"ApplyDPInit",
"Regress HLA","optical_field",6.13251819,0.00002148,"no lanes selected","CMIS",,,,"ApplyImmediate",
"Regress HLA","optical_field",6.13254095,0.00002148,"AppSel=1, DataPathID=0, ExplicitControl=0","CMIS",,,,"Lane 1 DataPath Ctrl",
"Regress HLA","optical_field",6.13256371,0.00002148,"AppSel=1, DataPathID=0, ExplicitControl=0","CMIS",,,,"Lane 2 DataPath Ctrl",
"Regress HLA","optical_field",6.13258648,0.00002147,"AppSel=1, DataPathID=2, ExplicitControl=0","CMIS",,,,"Lane 3 DataPath Ctrl",
"Regress HLA","optical_field",6.13260923,0.00002148,"AppSel=1, DataPathID=2, ExplicitControl=0","CMIS",,,,"Lane 4 DataPath Ctrl",
"Regress HLA","optical_field",6.13263199,0.00002148,"AppSel=1, DataPathID=4, ExplicitControl=0","CMIS",,,,"Lane 5 DataPath Ctrl",
"Regress HLA","optical_field",6.13265475,0.00002148,"AppSel=1, DataPathID=4, ExplicitControl=0","CMIS",,,,"Lane 6 DataPath Ctrl",
"Regress HLA","optical_field",6.13267751,0.00002148,"AppSel=1, DataPathID=6, ExplicitControl=0","CMIS",,,,"Lane 7 DataPath Ctrl",
"Regress HLA","optical_field",6.13270027,0.00002148,"AppSel=1, DataPathID=6, ExplicitControl=0","CMIS",,,,"Lane 8 DataPath Ctrl",
"Regress HLA","optical_event",6.13272303,0.00002148,,"CMIS",,,"Read Reg[0x99] = 0xFF",,
"Regress HLA","optical_event",6.13274579,0.00002177,,"CMIS",,,"Read Reg[0x9A] = 0x00",,
"Regress HLA","optical_event",6.13276884,0.00002148,,"CMIS",,,"Read Reg[0x9B] = 0x00",,
"Regress HLA","optical_event",6.1327916,0.00002148,,"CMIS",,,"Read Reg[0x9C] = 0x00",,
"Regress HLA","optical_event",6.13281436,0.00002148,,"CMIS",,,"Read Reg[0x9D] = 0x00",,
"Regress HLA","optical_event",6.13283712,0.00002147,,"CMIS",,,"Read Reg[0x9E] = 0x00",,
"Regress HLA","optical_event",6.13285987,0.00002134,,"CMIS",,,"Read Reg[0x9F] = 0x00",,
"Regress HLA","optical_event",6.13410425,0.0000213,,"CMIS",,,"Set Reg Address -> 0x7F (127)",,
"Regress HLA","optical_event",6.13412683,0.00002113,,"CMIS",,,"Page Select -> Page 0x11",,
"Regress HLA","optical_event",6.14710399,0.00002115,,"CMIS",,,"Set Reg Address -> 0x86 (134)",,
"Regress HLA","optical_field",6.14715325,0.00002194,"0x00 (none)","CMIS",,,,"DP State Changed Flags",
"Regress HLA","optical_field",6.14717648,0.00002147,"0x00 (none)","CMIS",,,,"Tx Fault Flags",
"Regress HLA","optical_field",6.14719923,0.00002148,"0x00 (none)","CMIS",,,,"Tx LOS Flags",
"Regress HLA","optical_field",6.14722199,0.00002148,"0x00 (none)","CMIS",,,,"Tx CDRLOL Flags",
"Regress HLA","optical_field",6.14724475,0.00002148,"0x00 (none)","CMIS",,,,"Tx Adaptive EQ Fail Flags",
"Regress HLA","optical_field",6.14726751,0.00002148,"0x00 (none)","CMIS",,,,"Tx Power High Alarm Flags",
"Regress HLA","optical_field",6.14729027,0.00002148,"0x00 (none)","CMIS",,,,"Tx Power Low Alarm Flags",
"Regress HLA","optical_field",6.14731303,0.00002148,"0x00 (none)","CMIS",,,,"Tx Power High Warn Flags",
"Regress HLA","optical_field",6.14733579,0.00002148,"0x00 (none)","CMIS",,,,"Tx Power Low Warn Flags",
"Regress HLA","optical_field",6.14735855,0.00002148,"0x00 (none)","CMIS",,,,"Tx Bias High Alarm Flags",
"Regress HLA","optical_field",6.14738131,0.00002148,"0x00 (none)","CMIS",,,,"Tx Bias Low Alarm Flags",
"Regress HLA","optical_field",6.14740407,0.00002148,"0x00 (none)","CMIS",,,,"Tx Bias High Warn Flags",
"Regress HLA","optical_field",6.14742683,0.00002148,"0x00 (none)","CMIS",,,,"Tx Bias Low Warn Flags",
"Regress HLA","optical_field",6.14744959,0.00002148,"0xFF (1, 2, 3, 4, 5, 6, 7, 8)","CMIS",,,,"Rx LOS Flags",
"Regress HLA","optical_field",6.14747235,0.00002177,"0x00 (none)","CMIS",,,,"Rx LOL Flags",
"Regress HLA","optical_field",6.1474954,0.00002148,"0x00 (none)","CMIS",,,,"Rx Power High Alarm Flags",
"Regress HLA","optical_field",6.14751816,0.00002148,"0x00 (none)","CMIS",,,,"Rx Power Low Alarm Flags",
"Regress HLA","optical_field",6.14754092,0.00002148,"0x00 (none)","CMIS",,,,"Rx Power High Warn Flags",
"Regress HLA","optical_field",6.14756368,0.00002148,"0x00 (none)","CMIS",,,,"Rx Power Low Warn Flags",
"Regress HLA","optical_field",6.14758644,0.00002148,"0x00 (none)","CMIS",,,,"Rx Output Status Changed Flags",
"Regress HLA","optical_field",6.14763196,0.00002148,"-40.00 dBm (0.1 uW)","CMIS",,,,"OpticalPowerTx1",
"Regress HLA","optical_field",6.14767747,0.00002149,"-40.00 dBm (0.1 uW)","CMIS",,,,"OpticalPowerTx2",
"Regress HLA","optical_field",6.147723,0.00002147,"-40.00 dBm (0.1 uW)","CMIS",,,,"OpticalPowerTx3",
"Regress HLA","optical_field",6.14776852,0.00002147,"-40.00 dBm (0.1 uW)","CMIS",,,,"OpticalPowerTx4",
"Regress HLA","optical_field",6.14781433,0.00002148,"-40.00 dBm (0.1 uW)","CMIS",,,,"OpticalPowerTx5",
"Regress HLA","optical_field",6.14785985,0.00002148,"-40.00 dBm (0.1 uW)","CMIS",,,,"OpticalPowerTx6",
"Regress HLA","optical_field",6.14790537,0.00002148,"-40.00 dBm (0.1 uW)","CMIS",,,,"OpticalPowerTx7",
"Regress HLA","optical_field",6.14795089,0.00002148,"-40.00 dBm (0.1 uW)","CMIS",,,,"OpticalPowerTx8",
"Regress HLA","optical_field",6.14799641,0.00002147,"0.00 mA (x1 assumed)","CMIS",,,,"LaserBiasTx1",
"Regress HLA","optical_field",6.14804193,0.00002147,"0.00 mA (x1 assumed)","CMIS",,,,"LaserBiasTx2",
"Regress HLA","optical_field",6.14808745,0.00002147,"0.00 mA (x1 assumed)","CMIS",,,,"LaserBiasTx3",
"Regress HLA","optical_field",6.14813326,0.00002147,"0.00 mA (x1 assumed)","CMIS",,,,"LaserBiasTx4",
"Regress HLA","optical_field",6.14817878,0.00002147,"0.00 mA (x1 assumed)","CMIS",,,,"LaserBiasTx5",
"Regress HLA","optical_field",6.1482243,0.00002147,"0.00 mA (x1 assumed)","CMIS",,,,"LaserBiasTx6",
"Regress HLA","optical_field",6.14826981,0.00002148,"0.00 mA (x1 assumed)","CMIS",,,,"LaserBiasTx7",
"Regress HLA","optical_field",6.14831533,0.00002148,"0.00 mA (x1 assumed)","CMIS",,,,"LaserBiasTx8",
"Regress HLA","optical_field",6.14836085,0.00002148,"-40.00 dBm (0.1 uW)","CMIS",,,,"OpticalPowerRx1",
"Regress HLA","optical_field",6.14840637,0.00002148,"-40.00 dBm (0.1 uW)","CMIS",,,,"OpticalPowerRx2",
"Regress HLA","optical_field",6.14845218,0.00002148,"-40.00 dBm (0.1 uW)","CMIS",,,,"OpticalPowerRx3",
"Regress HLA","optical_field",6.14849771,0.00002147,"-40.00 dBm (0.1 uW)","CMIS",,,,"OpticalPowerRx4",
"Regress HLA","optical_field",6.14854322,0.00002148,"-40.00 dBm (0.1 uW)","CMIS",,,,"OpticalPowerRx5",
"Regress HLA","optical_field",6.14858874,0.00002148,"-40.00 dBm (0.1 uW)","CMIS",,,,"OpticalPowerRx6",
"Regress HLA","optical_field",6.14863426,0.00002148,"-40.00 dBm (0.1 uW)","CMIS",,,,"OpticalPowerRx7",
"Regress HLA","optical_field",6.14867977,0.00002134,"-40.00 dBm (0.1 uW)","CMIS",,,,"OpticalPowerRx8",
